workflow_id,workflow_name,workflow_status,workflow_conclusion,workflow_duration_seconds,workflow_created_at,workflow_updated_at,commit_sha,commit_message,job_name,job_id,job_status,job_conclusion,job_duration_seconds,step_name,step_status,step_conclusion,step_duration_seconds,artifact_size_bytes,timestamp
26902992257,CI Pipeline,completed,failure,101.0,2026-06-03T17:54:09Z,2026-06-03T17:55:50Z,88460f1a,build: add .gitignore for build artifacts,Build,79360112394,completed,success,23.0,Set up job,completed,success,1.0,29356,2026-06-03T14:56:02.000861
26902992257,CI Pipeline,completed,failure,101.0,2026-06-03T17:54:09Z,2026-06-03T17:55:50Z,88460f1a,build: add .gitignore for build artifacts,Build,79360112394,completed,success,23.0,Checkout code,completed,success,1.0,29356,2026-06-03T14:56:02.000866
26902992257,CI Pipeline,completed,failure,101.0,2026-06-03T17:54:09Z,2026-06-03T17:55:50Z,88460f1a,build: add .gitignore for build artifacts,Build,79360112394,completed,success,23.0,Setup .NET,completed,success,1.0,29356,2026-06-03T14:56:02.000868
26902992257,CI Pipeline,completed,failure,101.0,2026-06-03T17:54:09Z,2026-06-03T17:55:50Z,88460f1a,build: add .gitignore for build artifacts,Build,79360112394,completed,success,23.0,Restore dependencies,completed,success,2.0,29356,2026-06-03T14:56:02.000870
26902992257,CI Pipeline,completed,failure,101.0,2026-06-03T17:54:09Z,2026-06-03T17:55:50Z,88460f1a,build: add .gitignore for build artifacts,Build,79360112394,completed,success,23.0,Dotnet restore,completed,success,6.0,29356,2026-06-03T14:56:02.000871
26902992257,CI Pipeline,completed,failure,101.0,2026-06-03T17:54:09Z,2026-06-03T17:55:50Z,88460f1a,build: add .gitignore for build artifacts,Build,79360112394,completed,success,23.0,Build project,completed,success,8.0,29356,2026-06-03T14:56:02.000873
26902992257,CI Pipeline,completed,failure,101.0,2026-06-03T17:54:09Z,2026-06-03T17:55:50Z,88460f1a,build: add .gitignore for build artifacts,Build,79360112394,completed,success,23.0,Post Restore dependencies,completed,success,0.0,29356,2026-06-03T14:56:02.000874
26902992257,CI Pipeline,completed,failure,101.0,2026-06-03T17:54:09Z,2026-06-03T17:55:50Z,88460f1a,build: add .gitignore for build artifacts,Build,79360112394,completed,success,23.0,Post Setup .NET,completed,success,1.0,29356,2026-06-03T14:56:02.000875
26902992257,CI Pipeline,completed,failure,101.0,2026-06-03T17:54:09Z,2026-06-03T17:55:50Z,88460f1a,build: add .gitignore for build artifacts,Build,79360112394,completed,success,23.0,Post Checkout code,completed,success,0.0,29356,2026-06-03T14:56:02.000876
26902992257,CI Pipeline,completed,failure,101.0,2026-06-03T17:54:09Z,2026-06-03T17:55:50Z,88460f1a,build: add .gitignore for build artifacts,Build,79360112394,completed,success,23.0,Complete job,completed,success,0.0,29356,2026-06-03T14:56:02.000878
26902992257,CI Pipeline,completed,failure,101.0,2026-06-03T17:54:09Z,2026-06-03T17:55:50Z,88460f1a,build: add .gitignore for build artifacts,Code Quality,79360112508,completed,success,33.0,Set up job,completed,success,1.0,29356,2026-06-03T14:56:02.000879
26902992257,CI Pipeline,completed,failure,101.0,2026-06-03T17:54:09Z,2026-06-03T17:55:50Z,88460f1a,build: add .gitignore for build artifacts,Code Quality,79360112508,completed,success,33.0,Checkout code,completed,success,1.0,29356,2026-06-03T14:56:02.000881
26902992257,CI Pipeline,completed,failure,101.0,2026-06-03T17:54:09Z,2026-06-03T17:55:50Z,88460f1a,build: add .gitignore for build artifacts,Code Quality,79360112508,completed,success,33.0,Setup .NET,completed,success,1.0,29356,2026-06-03T14:56:02.000882
26902992257,CI Pipeline,completed,failure,101.0,2026-06-03T17:54:09Z,2026-06-03T17:55:50Z,88460f1a,build: add .gitignore for build artifacts,Code Quality,79360112508,completed,success,33.0,Restore dependencies,completed,success,1.0,29356,2026-06-03T14:56:02.000883
26902992257,CI Pipeline,completed,failure,101.0,2026-06-03T17:54:09Z,2026-06-03T17:55:50Z,88460f1a,build: add .gitignore for build artifacts,Code Quality,79360112508,completed,success,33.0,Dotnet restore,completed,success,9.0,29356,2026-06-03T14:56:02.000885
26902992257,CI Pipeline,completed,failure,101.0,2026-06-03T17:54:09Z,2026-06-03T17:55:50Z,88460f1a,build: add .gitignore for build artifacts,Code Quality,79360112508,completed,success,33.0,Verify code formatting,completed,success,18.0,29356,2026-06-03T14:56:02.000886
26902992257,CI Pipeline,completed,failure,101.0,2026-06-03T17:54:09Z,2026-06-03T17:55:50Z,88460f1a,build: add .gitignore for build artifacts,Code Quality,79360112508,completed,success,33.0,Post Restore dependencies,completed,success,0.0,29356,2026-06-03T14:56:02.000887
26902992257,CI Pipeline,completed,failure,101.0,2026-06-03T17:54:09Z,2026-06-03T17:55:50Z,88460f1a,build: add .gitignore for build artifacts,Code Quality,79360112508,completed,success,33.0,Post Setup .NET,completed,success,0.0,29356,2026-06-03T14:56:02.000888
26902992257,CI Pipeline,completed,failure,101.0,2026-06-03T17:54:09Z,2026-06-03T17:55:50Z,88460f1a,build: add .gitignore for build artifacts,Code Quality,79360112508,completed,success,33.0,Post Checkout code,completed,success,0.0,29356,2026-06-03T14:56:02.000890
26902992257,CI Pipeline,completed,failure,101.0,2026-06-03T17:54:09Z,2026-06-03T17:55:50Z,88460f1a,build: add .gitignore for build artifacts,Code Quality,79360112508,completed,success,33.0,Complete job,completed,success,0.0,29356,2026-06-03T14:56:02.000891
26902992257,CI Pipeline,completed,failure,101.0,2026-06-03T17:54:09Z,2026-06-03T17:55:50Z,88460f1a,build: add .gitignore for build artifacts,Tests,79360191541,completed,failure,66.0,Set up job,completed,success,2.0,29356,2026-06-03T14:56:02.000892
26902992257,CI Pipeline,completed,failure,101.0,2026-06-03T17:54:09Z,2026-06-03T17:55:50Z,88460f1a,build: add .gitignore for build artifacts,Tests,79360191541,completed,failure,66.0,Checkout code,completed,success,2.0,29356,2026-06-03T14:56:02.000893
26902992257,CI Pipeline,completed,failure,101.0,2026-06-03T17:54:09Z,2026-06-03T17:55:50Z,88460f1a,build: add .gitignore for build artifacts,Tests,79360191541,completed,failure,66.0,Setup .NET,completed,success,0.0,29356,2026-06-03T14:56:02.000895
26902992257,CI Pipeline,completed,failure,101.0,2026-06-03T17:54:09Z,2026-06-03T17:55:50Z,88460f1a,build: add .gitignore for build artifacts,Tests,79360191541,completed,failure,66.0,Restore dependencies,completed,success,2.0,29356,2026-06-03T14:56:02.000896
26902992257,CI Pipeline,completed,failure,101.0,2026-06-03T17:54:09Z,2026-06-03T17:55:50Z,88460f1a,build: add .gitignore for build artifacts,Tests,79360191541,completed,failure,66.0,Dotnet restore,completed,success,6.0,29356,2026-06-03T14:56:02.000899
26902992257,CI Pipeline,completed,failure,101.0,2026-06-03T17:54:09Z,2026-06-03T17:55:50Z,88460f1a,build: add .gitignore for build artifacts,Tests,79360191541,completed,failure,66.0,Run tests,completed,failure,49.0,29356,2026-06-03T14:56:02.000901
26902992257,CI Pipeline,completed,failure,101.0,2026-06-03T17:54:09Z,2026-06-03T17:55:50Z,88460f1a,build: add .gitignore for build artifacts,Tests,79360191541,completed,failure,66.0,Upload test results,completed,success,1.0,29356,2026-06-03T14:56:02.000902
26902992257,CI Pipeline,completed,failure,101.0,2026-06-03T17:54:09Z,2026-06-03T17:55:50Z,88460f1a,build: add .gitignore for build artifacts,Tests,79360191541,completed,failure,66.0,Upload code coverage,completed,success,1.0,29356,2026-06-03T14:56:02.000904
26902992257,CI Pipeline,completed,failure,101.0,2026-06-03T17:54:09Z,2026-06-03T17:55:50Z,88460f1a,build: add .gitignore for build artifacts,Tests,79360191541,completed,failure,66.0,Post Restore dependencies,completed,skipped,0.0,29356,2026-06-03T14:56:02.000905
26902992257,CI Pipeline,completed,failure,101.0,2026-06-03T17:54:09Z,2026-06-03T17:55:50Z,88460f1a,build: add .gitignore for build artifacts,Tests,79360191541,completed,failure,66.0,Post Setup .NET,completed,skipped,0.0,29356,2026-06-03T14:56:02.000906
26902992257,CI Pipeline,completed,failure,101.0,2026-06-03T17:54:09Z,2026-06-03T17:55:50Z,88460f1a,build: add .gitignore for build artifacts,Tests,79360191541,completed,failure,66.0,Post Checkout code,completed,success,1.0,29356,2026-06-03T14:56:02.000907
26902992257,CI Pipeline,completed,failure,101.0,2026-06-03T17:54:09Z,2026-06-03T17:55:50Z,88460f1a,build: add .gitignore for build artifacts,Tests,79360191541,completed,failure,66.0,Complete job,completed,success,0.0,29356,2026-06-03T14:56:02.000908
26902992257,CI Pipeline,completed,failure,101.0,2026-06-03T17:54:09Z,2026-06-03T17:55:50Z,88460f1a,build: add .gitignore for build artifacts,All Checks,79360413583,completed,failure,4.0,Set up job,completed,success,0.0,29356,2026-06-03T14:56:02.000910
26902992257,CI Pipeline,completed,failure,101.0,2026-06-03T17:54:09Z,2026-06-03T17:55:50Z,88460f1a,build: add .gitignore for build artifacts,All Checks,79360413583,completed,failure,4.0,Check all jobs status,completed,failure,1.0,29356,2026-06-03T14:56:02.000911
26902992257,CI Pipeline,completed,failure,101.0,2026-06-03T17:54:09Z,2026-06-03T17:55:50Z,88460f1a,build: add .gitignore for build artifacts,All Checks,79360413583,completed,failure,4.0,Complete job,completed,success,0.0,29356,2026-06-03T14:56:02.000912
26902843540,CI Pipeline,completed,failure,92.0,2026-06-03T17:51:21Z,2026-06-03T17:52:53Z,ab384d56,ci: parallel jobs - run 15,Build,79359590442,completed,success,20.0,Set up job,completed,success,2.0,29447,2026-06-03T14:56:03.058457
26902843540,CI Pipeline,completed,failure,92.0,2026-06-03T17:51:21Z,2026-06-03T17:52:53Z,ab384d56,ci: parallel jobs - run 15,Build,79359590442,completed,success,20.0,Checkout code,completed,success,1.0,29447,2026-06-03T14:56:03.058471
26902843540,CI Pipeline,completed,failure,92.0,2026-06-03T17:51:21Z,2026-06-03T17:52:53Z,ab384d56,ci: parallel jobs - run 15,Build,79359590442,completed,success,20.0,Setup .NET,completed,success,1.0,29447,2026-06-03T14:56:03.058475
26902843540,CI Pipeline,completed,failure,92.0,2026-06-03T17:51:21Z,2026-06-03T17:52:53Z,ab384d56,ci: parallel jobs - run 15,Build,79359590442,completed,success,20.0,Restore dependencies,completed,success,2.0,29447,2026-06-03T14:56:03.058479
26902843540,CI Pipeline,completed,failure,92.0,2026-06-03T17:51:21Z,2026-06-03T17:52:53Z,ab384d56,ci: parallel jobs - run 15,Build,79359590442,completed,success,20.0,Dotnet restore,completed,success,3.0,29447,2026-06-03T14:56:03.058483
26902843540,CI Pipeline,completed,failure,92.0,2026-06-03T17:51:21Z,2026-06-03T17:52:53Z,ab384d56,ci: parallel jobs - run 15,Build,79359590442,completed,success,20.0,Build project,completed,success,6.0,29447,2026-06-03T14:56:03.058486
26902843540,CI Pipeline,completed,failure,92.0,2026-06-03T17:51:21Z,2026-06-03T17:52:53Z,ab384d56,ci: parallel jobs - run 15,Build,79359590442,completed,success,20.0,Post Restore dependencies,completed,success,0.0,29447,2026-06-03T14:56:03.058490
26902843540,CI Pipeline,completed,failure,92.0,2026-06-03T17:51:21Z,2026-06-03T17:52:53Z,ab384d56,ci: parallel jobs - run 15,Build,79359590442,completed,success,20.0,Post Setup .NET,completed,success,1.0,29447,2026-06-03T14:56:03.058493
26902843540,CI Pipeline,completed,failure,92.0,2026-06-03T17:51:21Z,2026-06-03T17:52:53Z,ab384d56,ci: parallel jobs - run 15,Build,79359590442,completed,success,20.0,Post Checkout code,completed,success,0.0,29447,2026-06-03T14:56:03.058497
26902843540,CI Pipeline,completed,failure,92.0,2026-06-03T17:51:21Z,2026-06-03T17:52:53Z,ab384d56,ci: parallel jobs - run 15,Build,79359590442,completed,success,20.0,Complete job,completed,success,0.0,29447,2026-06-03T14:56:03.058500
26902843540,CI Pipeline,completed,failure,92.0,2026-06-03T17:51:21Z,2026-06-03T17:52:53Z,ab384d56,ci: parallel jobs - run 15,Code Quality,79359590456,completed,success,26.0,Set up job,completed,success,2.0,29447,2026-06-03T14:56:03.058504
26902843540,CI Pipeline,completed,failure,92.0,2026-06-03T17:51:21Z,2026-06-03T17:52:53Z,ab384d56,ci: parallel jobs - run 15,Code Quality,79359590456,completed,success,26.0,Checkout code,completed,success,1.0,29447,2026-06-03T14:56:03.058508
26902843540,CI Pipeline,completed,failure,92.0,2026-06-03T17:51:21Z,2026-06-03T17:52:53Z,ab384d56,ci: parallel jobs - run 15,Code Quality,79359590456,completed,success,26.0,Setup .NET,completed,success,1.0,29447,2026-06-03T14:56:03.058511
26902843540,CI Pipeline,completed,failure,92.0,2026-06-03T17:51:21Z,2026-06-03T17:52:53Z,ab384d56,ci: parallel jobs - run 15,Code Quality,79359590456,completed,success,26.0,Restore dependencies,completed,success,2.0,29447,2026-06-03T14:56:03.058514
26902843540,CI Pipeline,completed,failure,92.0,2026-06-03T17:51:21Z,2026-06-03T17:52:53Z,ab384d56,ci: parallel jobs - run 15,Code Quality,79359590456,completed,success,26.0,Dotnet restore,completed,success,4.0,29447,2026-06-03T14:56:03.058528
26902843540,CI Pipeline,completed,failure,92.0,2026-06-03T17:51:21Z,2026-06-03T17:52:53Z,ab384d56,ci: parallel jobs - run 15,Code Quality,79359590456,completed,success,26.0,Verify code formatting,completed,success,11.0,29447,2026-06-03T14:56:03.058532
26902843540,CI Pipeline,completed,failure,92.0,2026-06-03T17:51:21Z,2026-06-03T17:52:53Z,ab384d56,ci: parallel jobs - run 15,Code Quality,79359590456,completed,success,26.0,Post Restore dependencies,completed,success,0.0,29447,2026-06-03T14:56:03.058535
26902843540,CI Pipeline,completed,failure,92.0,2026-06-03T17:51:21Z,2026-06-03T17:52:53Z,ab384d56,ci: parallel jobs - run 15,Code Quality,79359590456,completed,success,26.0,Post Setup .NET,completed,success,0.0,29447,2026-06-03T14:56:03.058538
26902843540,CI Pipeline,completed,failure,92.0,2026-06-03T17:51:21Z,2026-06-03T17:52:53Z,ab384d56,ci: parallel jobs - run 15,Code Quality,79359590456,completed,success,26.0,Post Checkout code,completed,success,0.0,29447,2026-06-03T14:56:03.058542
26902843540,CI Pipeline,completed,failure,92.0,2026-06-03T17:51:21Z,2026-06-03T17:52:53Z,ab384d56,ci: parallel jobs - run 15,Code Quality,79359590456,completed,success,26.0,Complete job,completed,success,0.0,29447,2026-06-03T14:56:03.058545
26902843540,CI Pipeline,completed,failure,92.0,2026-06-03T17:51:21Z,2026-06-03T17:52:53Z,ab384d56,ci: parallel jobs - run 15,Tests,79359660706,completed,failure,61.0,Set up job,completed,success,2.0,29447,2026-06-03T14:56:03.058549
26902843540,CI Pipeline,completed,failure,92.0,2026-06-03T17:51:21Z,2026-06-03T17:52:53Z,ab384d56,ci: parallel jobs - run 15,Tests,79359660706,completed,failure,61.0,Checkout code,completed,success,1.0,29447,2026-06-03T14:56:03.058552
26902843540,CI Pipeline,completed,failure,92.0,2026-06-03T17:51:21Z,2026-06-03T17:52:53Z,ab384d56,ci: parallel jobs - run 15,Tests,79359660706,completed,failure,61.0,Setup .NET,completed,success,1.0,29447,2026-06-03T14:56:03.058555
26902843540,CI Pipeline,completed,failure,92.0,2026-06-03T17:51:21Z,2026-06-03T17:52:53Z,ab384d56,ci: parallel jobs - run 15,Tests,79359660706,completed,failure,61.0,Restore dependencies,completed,success,2.0,29447,2026-06-03T14:56:03.058559
26902843540,CI Pipeline,completed,failure,92.0,2026-06-03T17:51:21Z,2026-06-03T17:52:53Z,ab384d56,ci: parallel jobs - run 15,Tests,79359660706,completed,failure,61.0,Dotnet restore,completed,success,3.0,29447,2026-06-03T14:56:03.058562
26902843540,CI Pipeline,completed,failure,92.0,2026-06-03T17:51:21Z,2026-06-03T17:52:53Z,ab384d56,ci: parallel jobs - run 15,Tests,79359660706,completed,failure,61.0,Run tests,completed,failure,46.0,29447,2026-06-03T14:56:03.058566
26902843540,CI Pipeline,completed,failure,92.0,2026-06-03T17:51:21Z,2026-06-03T17:52:53Z,ab384d56,ci: parallel jobs - run 15,Tests,79359660706,completed,failure,61.0,Upload test results,completed,success,2.0,29447,2026-06-03T14:56:03.058569
26902843540,CI Pipeline,completed,failure,92.0,2026-06-03T17:51:21Z,2026-06-03T17:52:53Z,ab384d56,ci: parallel jobs - run 15,Tests,79359660706,completed,failure,61.0,Upload code coverage,completed,success,1.0,29447,2026-06-03T14:56:03.058572
26902843540,CI Pipeline,completed,failure,92.0,2026-06-03T17:51:21Z,2026-06-03T17:52:53Z,ab384d56,ci: parallel jobs - run 15,Tests,79359660706,completed,failure,61.0,Post Restore dependencies,completed,skipped,0.0,29447,2026-06-03T14:56:03.058575
26902843540,CI Pipeline,completed,failure,92.0,2026-06-03T17:51:21Z,2026-06-03T17:52:53Z,ab384d56,ci: parallel jobs - run 15,Tests,79359660706,completed,failure,61.0,Post Setup .NET,completed,skipped,0.0,29447,2026-06-03T14:56:03.058579
26902843540,CI Pipeline,completed,failure,92.0,2026-06-03T17:51:21Z,2026-06-03T17:52:53Z,ab384d56,ci: parallel jobs - run 15,Tests,79359660706,completed,failure,61.0,Post Checkout code,completed,success,0.0,29447,2026-06-03T14:56:03.058582
26902843540,CI Pipeline,completed,failure,92.0,2026-06-03T17:51:21Z,2026-06-03T17:52:53Z,ab384d56,ci: parallel jobs - run 15,Tests,79359660706,completed,failure,61.0,Complete job,completed,success,0.0,29447,2026-06-03T14:56:03.058585
26902843540,CI Pipeline,completed,failure,92.0,2026-06-03T17:51:21Z,2026-06-03T17:52:53Z,ab384d56,ci: parallel jobs - run 15,All Checks,79359860266,completed,failure,3.0,Set up job,completed,success,0.0,29447,2026-06-03T14:56:03.058589
26902843540,CI Pipeline,completed,failure,92.0,2026-06-03T17:51:21Z,2026-06-03T17:52:53Z,ab384d56,ci: parallel jobs - run 15,All Checks,79359860266,completed,failure,3.0,Check all jobs status,completed,failure,0.0,29447,2026-06-03T14:56:03.058592
26902843540,CI Pipeline,completed,failure,92.0,2026-06-03T17:51:21Z,2026-06-03T17:52:53Z,ab384d56,ci: parallel jobs - run 15,All Checks,79359860266,completed,failure,3.0,Complete job,completed,success,0.0,29447,2026-06-03T14:56:03.058596
26902831649,CI Pipeline,completed,failure,121.0,2026-06-03T17:51:08Z,2026-06-03T17:53:09Z,88193951,ci: sequential jobs - run 14,Build,79359553255,completed,success,18.0,Set up job,completed,success,3.0,29152,2026-06-03T14:56:03.810433
26902831649,CI Pipeline,completed,failure,121.0,2026-06-03T17:51:08Z,2026-06-03T17:53:09Z,88193951,ci: sequential jobs - run 14,Build,79359553255,completed,success,18.0,Checkout code,completed,success,1.0,29152,2026-06-03T14:56:03.810452
26902831649,CI Pipeline,completed,failure,121.0,2026-06-03T17:51:08Z,2026-06-03T17:53:09Z,88193951,ci: sequential jobs - run 14,Build,79359553255,completed,success,18.0,Setup .NET,completed,success,0.0,29152,2026-06-03T14:56:03.810456
26902831649,CI Pipeline,completed,failure,121.0,2026-06-03T17:51:08Z,2026-06-03T17:53:09Z,88193951,ci: sequential jobs - run 14,Build,79359553255,completed,success,18.0,Restore dependencies,completed,success,2.0,29152,2026-06-03T14:56:03.810459
26902831649,CI Pipeline,completed,failure,121.0,2026-06-03T17:51:08Z,2026-06-03T17:53:09Z,88193951,ci: sequential jobs - run 14,Build,79359553255,completed,success,18.0,Dotnet restore,completed,success,5.0,29152,2026-06-03T14:56:03.810475
26902831649,CI Pipeline,completed,failure,121.0,2026-06-03T17:51:08Z,2026-06-03T17:53:09Z,88193951,ci: sequential jobs - run 14,Build,79359553255,completed,success,18.0,Build project,completed,success,4.0,29152,2026-06-03T14:56:03.810479
26902831649,CI Pipeline,completed,failure,121.0,2026-06-03T17:51:08Z,2026-06-03T17:53:09Z,88193951,ci: sequential jobs - run 14,Build,79359553255,completed,success,18.0,Post Restore dependencies,completed,success,0.0,29152,2026-06-03T14:56:03.810482
26902831649,CI Pipeline,completed,failure,121.0,2026-06-03T17:51:08Z,2026-06-03T17:53:09Z,88193951,ci: sequential jobs - run 14,Build,79359553255,completed,success,18.0,Post Setup .NET,completed,success,0.0,29152,2026-06-03T14:56:03.810490
26902831649,CI Pipeline,completed,failure,121.0,2026-06-03T17:51:08Z,2026-06-03T17:53:09Z,88193951,ci: sequential jobs - run 14,Build,79359553255,completed,success,18.0,Post Checkout code,completed,success,0.0,29152,2026-06-03T14:56:03.810493
26902831649,CI Pipeline,completed,failure,121.0,2026-06-03T17:51:08Z,2026-06-03T17:53:09Z,88193951,ci: sequential jobs - run 14,Build,79359553255,completed,success,18.0,Complete job,completed,success,0.0,29152,2026-06-03T14:56:03.810496
26902831649,CI Pipeline,completed,failure,121.0,2026-06-03T17:51:08Z,2026-06-03T17:53:09Z,88193951,ci: sequential jobs - run 14,Code Quality,79359620249,completed,success,25.0,Set up job,completed,success,1.0,29152,2026-06-03T14:56:03.810501
26902831649,CI Pipeline,completed,failure,121.0,2026-06-03T17:51:08Z,2026-06-03T17:53:09Z,88193951,ci: sequential jobs - run 14,Code Quality,79359620249,completed,success,25.0,Checkout code,completed,success,1.0,29152,2026-06-03T14:56:03.810504
26902831649,CI Pipeline,completed,failure,121.0,2026-06-03T17:51:08Z,2026-06-03T17:53:09Z,88193951,ci: sequential jobs - run 14,Code Quality,79359620249,completed,success,25.0,Setup .NET,completed,success,1.0,29152,2026-06-03T14:56:03.810507
26902831649,CI Pipeline,completed,failure,121.0,2026-06-03T17:51:08Z,2026-06-03T17:53:09Z,88193951,ci: sequential jobs - run 14,Code Quality,79359620249,completed,success,25.0,Restore dependencies,completed,success,1.0,29152,2026-06-03T14:56:03.810510
26902831649,CI Pipeline,completed,failure,121.0,2026-06-03T17:51:08Z,2026-06-03T17:53:09Z,88193951,ci: sequential jobs - run 14,Code Quality,79359620249,completed,success,25.0,Dotnet restore,completed,success,6.0,29152,2026-06-03T14:56:03.810513
26902831649,CI Pipeline,completed,failure,121.0,2026-06-03T17:51:08Z,2026-06-03T17:53:09Z,88193951,ci: sequential jobs - run 14,Code Quality,79359620249,completed,success,25.0,Verify code formatting,completed,success,11.0,29152,2026-06-03T14:56:03.810516
26902831649,CI Pipeline,completed,failure,121.0,2026-06-03T17:51:08Z,2026-06-03T17:53:09Z,88193951,ci: sequential jobs - run 14,Code Quality,79359620249,completed,success,25.0,Post Restore dependencies,completed,success,0.0,29152,2026-06-03T14:56:03.810520
26902831649,CI Pipeline,completed,failure,121.0,2026-06-03T17:51:08Z,2026-06-03T17:53:09Z,88193951,ci: sequential jobs - run 14,Code Quality,79359620249,completed,success,25.0,Post Setup .NET,completed,success,1.0,29152,2026-06-03T14:56:03.810523
26902831649,CI Pipeline,completed,failure,121.0,2026-06-03T17:51:08Z,2026-06-03T17:53:09Z,88193951,ci: sequential jobs - run 14,Code Quality,79359620249,completed,success,25.0,Post Checkout code,completed,success,0.0,29152,2026-06-03T14:56:03.810526
26902831649,CI Pipeline,completed,failure,121.0,2026-06-03T17:51:08Z,2026-06-03T17:53:09Z,88193951,ci: sequential jobs - run 14,Code Quality,79359620249,completed,success,25.0,Complete job,completed,success,0.0,29152,2026-06-03T14:56:03.810529
26902831649,CI Pipeline,completed,failure,121.0,2026-06-03T17:51:08Z,2026-06-03T17:53:09Z,88193951,ci: sequential jobs - run 14,Tests,79359704650,completed,failure,63.0,Set up job,completed,success,1.0,29152,2026-06-03T14:56:03.810533
26902831649,CI Pipeline,completed,failure,121.0,2026-06-03T17:51:08Z,2026-06-03T17:53:09Z,88193951,ci: sequential jobs - run 14,Tests,79359704650,completed,failure,63.0,Checkout code,completed,success,2.0,29152,2026-06-03T14:56:03.810536
26902831649,CI Pipeline,completed,failure,121.0,2026-06-03T17:51:08Z,2026-06-03T17:53:09Z,88193951,ci: sequential jobs - run 14,Tests,79359704650,completed,failure,63.0,Setup .NET,completed,success,0.0,29152,2026-06-03T14:56:03.810539
26902831649,CI Pipeline,completed,failure,121.0,2026-06-03T17:51:08Z,2026-06-03T17:53:09Z,88193951,ci: sequential jobs - run 14,Tests,79359704650,completed,failure,63.0,Restore dependencies,completed,success,1.0,29152,2026-06-03T14:56:03.810545
26902831649,CI Pipeline,completed,failure,121.0,2026-06-03T17:51:08Z,2026-06-03T17:53:09Z,88193951,ci: sequential jobs - run 14,Tests,79359704650,completed,failure,63.0,Dotnet restore,completed,success,7.0,29152,2026-06-03T14:56:03.810548
26902831649,CI Pipeline,completed,failure,121.0,2026-06-03T17:51:08Z,2026-06-03T17:53:09Z,88193951,ci: sequential jobs - run 14,Tests,79359704650,completed,failure,63.0,Run tests,completed,failure,49.0,29152,2026-06-03T14:56:03.810551
26902831649,CI Pipeline,completed,failure,121.0,2026-06-03T17:51:08Z,2026-06-03T17:53:09Z,88193951,ci: sequential jobs - run 14,Tests,79359704650,completed,failure,63.0,Upload test results,completed,success,1.0,29152,2026-06-03T14:56:03.810554
26902831649,CI Pipeline,completed,failure,121.0,2026-06-03T17:51:08Z,2026-06-03T17:53:09Z,88193951,ci: sequential jobs - run 14,Tests,79359704650,completed,failure,63.0,Upload code coverage,completed,success,1.0,29152,2026-06-03T14:56:03.810558
26902831649,CI Pipeline,completed,failure,121.0,2026-06-03T17:51:08Z,2026-06-03T17:53:09Z,88193951,ci: sequential jobs - run 14,Tests,79359704650,completed,failure,63.0,Post Restore dependencies,completed,skipped,0.0,29152,2026-06-03T14:56:03.810562
26902831649,CI Pipeline,completed,failure,121.0,2026-06-03T17:51:08Z,2026-06-03T17:53:09Z,88193951,ci: sequential jobs - run 14,Tests,79359704650,completed,failure,63.0,Post Setup .NET,completed,skipped,0.0,29152,2026-06-03T14:56:03.810568
26902831649,CI Pipeline,completed,failure,121.0,2026-06-03T17:51:08Z,2026-06-03T17:53:09Z,88193951,ci: sequential jobs - run 14,Tests,79359704650,completed,failure,63.0,Post Checkout code,completed,success,0.0,29152,2026-06-03T14:56:03.810572
26902831649,CI Pipeline,completed,failure,121.0,2026-06-03T17:51:08Z,2026-06-03T17:53:09Z,88193951,ci: sequential jobs - run 14,Tests,79359704650,completed,failure,63.0,Complete job,completed,success,0.0,29152,2026-06-03T14:56:03.810575
26902831649,CI Pipeline,completed,failure,121.0,2026-06-03T17:51:08Z,2026-06-03T17:53:09Z,88193951,ci: sequential jobs - run 14,All Checks,79359909439,completed,failure,2.0,Set up job,completed,success,0.0,29152,2026-06-03T14:56:03.810579
26902831649,CI Pipeline,completed,failure,121.0,2026-06-03T17:51:08Z,2026-06-03T17:53:09Z,88193951,ci: sequential jobs - run 14,All Checks,79359909439,completed,failure,2.0,Check all jobs status,completed,failure,0.0,29152,2026-06-03T14:56:03.810582
26902831649,CI Pipeline,completed,failure,121.0,2026-06-03T17:51:08Z,2026-06-03T17:53:09Z,88193951,ci: sequential jobs - run 14,All Checks,79359909439,completed,failure,2.0,Complete job,completed,success,0.0,29152,2026-06-03T14:56:03.810585
26902803160,CI Pipeline,completed,failure,90.0,2026-06-03T17:50:36Z,2026-06-03T17:52:06Z,bdaafd2d,ci: enable dependency cache - run 13,Code Quality,79359448041,completed,success,25.0,Set up job,completed,success,1.0,29050,2026-06-03T14:56:04.736858
26902803160,CI Pipeline,completed,failure,90.0,2026-06-03T17:50:36Z,2026-06-03T17:52:06Z,bdaafd2d,ci: enable dependency cache - run 13,Code Quality,79359448041,completed,success,25.0,Checkout code,completed,success,1.0,29050,2026-06-03T14:56:04.736882
26902803160,CI Pipeline,completed,failure,90.0,2026-06-03T17:50:36Z,2026-06-03T17:52:06Z,bdaafd2d,ci: enable dependency cache - run 13,Code Quality,79359448041,completed,success,25.0,Setup .NET,completed,success,1.0,29050,2026-06-03T14:56:04.736888
26902803160,CI Pipeline,completed,failure,90.0,2026-06-03T17:50:36Z,2026-06-03T17:52:06Z,bdaafd2d,ci: enable dependency cache - run 13,Code Quality,79359448041,completed,success,25.0,Restore dependencies,completed,success,3.0,29050,2026-06-03T14:56:04.736894
26902803160,CI Pipeline,completed,failure,90.0,2026-06-03T17:50:36Z,2026-06-03T17:52:06Z,bdaafd2d,ci: enable dependency cache - run 13,Code Quality,79359448041,completed,success,25.0,Dotnet restore,completed,success,2.0,29050,2026-06-03T14:56:04.736902
26902803160,CI Pipeline,completed,failure,90.0,2026-06-03T17:50:36Z,2026-06-03T17:52:06Z,bdaafd2d,ci: enable dependency cache - run 13,Code Quality,79359448041,completed,success,25.0,Verify code formatting,completed,success,12.0,29050,2026-06-03T14:56:04.736908
26902803160,CI Pipeline,completed,failure,90.0,2026-06-03T17:50:36Z,2026-06-03T17:52:06Z,bdaafd2d,ci: enable dependency cache - run 13,Code Quality,79359448041,completed,success,25.0,Post Restore dependencies,completed,success,0.0,29050,2026-06-03T14:56:04.736913
26902803160,CI Pipeline,completed,failure,90.0,2026-06-03T17:50:36Z,2026-06-03T17:52:06Z,bdaafd2d,ci: enable dependency cache - run 13,Code Quality,79359448041,completed,success,25.0,Post Setup .NET,completed,success,1.0,29050,2026-06-03T14:56:04.736918
26902803160,CI Pipeline,completed,failure,90.0,2026-06-03T17:50:36Z,2026-06-03T17:52:06Z,bdaafd2d,ci: enable dependency cache - run 13,Code Quality,79359448041,completed,success,25.0,Post Checkout code,completed,success,0.0,29050,2026-06-03T14:56:04.736923
26902803160,CI Pipeline,completed,failure,90.0,2026-06-03T17:50:36Z,2026-06-03T17:52:06Z,bdaafd2d,ci: enable dependency cache - run 13,Code Quality,79359448041,completed,success,25.0,Complete job,completed,success,0.0,29050,2026-06-03T14:56:04.736928
26902803160,CI Pipeline,completed,failure,90.0,2026-06-03T17:50:36Z,2026-06-03T17:52:06Z,bdaafd2d,ci: enable dependency cache - run 13,Build,79359448099,completed,success,16.0,Set up job,completed,success,2.0,29050,2026-06-03T14:56:04.736936
26902803160,CI Pipeline,completed,failure,90.0,2026-06-03T17:50:36Z,2026-06-03T17:52:06Z,bdaafd2d,ci: enable dependency cache - run 13,Build,79359448099,completed,success,16.0,Checkout code,completed,success,1.0,29050,2026-06-03T14:56:04.736941
26902803160,CI Pipeline,completed,failure,90.0,2026-06-03T17:50:36Z,2026-06-03T17:52:06Z,bdaafd2d,ci: enable dependency cache - run 13,Build,79359448099,completed,success,16.0,Setup .NET,completed,success,1.0,29050,2026-06-03T14:56:04.736946
26902803160,CI Pipeline,completed,failure,90.0,2026-06-03T17:50:36Z,2026-06-03T17:52:06Z,bdaafd2d,ci: enable dependency cache - run 13,Build,79359448099,completed,success,16.0,Restore dependencies,completed,success,1.0,29050,2026-06-03T14:56:04.736951
26902803160,CI Pipeline,completed,failure,90.0,2026-06-03T17:50:36Z,2026-06-03T17:52:06Z,bdaafd2d,ci: enable dependency cache - run 13,Build,79359448099,completed,success,16.0,Dotnet restore,completed,success,3.0,29050,2026-06-03T14:56:04.736956
26902803160,CI Pipeline,completed,failure,90.0,2026-06-03T17:50:36Z,2026-06-03T17:52:06Z,bdaafd2d,ci: enable dependency cache - run 13,Build,79359448099,completed,success,16.0,Build project,completed,success,5.0,29050,2026-06-03T14:56:04.736962
26902803160,CI Pipeline,completed,failure,90.0,2026-06-03T17:50:36Z,2026-06-03T17:52:06Z,bdaafd2d,ci: enable dependency cache - run 13,Build,79359448099,completed,success,16.0,Post Restore dependencies,completed,success,1.0,29050,2026-06-03T14:56:04.736967
26902803160,CI Pipeline,completed,failure,90.0,2026-06-03T17:50:36Z,2026-06-03T17:52:06Z,bdaafd2d,ci: enable dependency cache - run 13,Build,79359448099,completed,success,16.0,Post Setup .NET,completed,success,0.0,29050,2026-06-03T14:56:04.736972
26902803160,CI Pipeline,completed,failure,90.0,2026-06-03T17:50:36Z,2026-06-03T17:52:06Z,bdaafd2d,ci: enable dependency cache - run 13,Build,79359448099,completed,success,16.0,Post Checkout code,completed,success,0.0,29050,2026-06-03T14:56:04.736977
26902803160,CI Pipeline,completed,failure,90.0,2026-06-03T17:50:36Z,2026-06-03T17:52:06Z,bdaafd2d,ci: enable dependency cache - run 13,Build,79359448099,completed,success,16.0,Complete job,completed,success,0.0,29050,2026-06-03T14:56:04.737002
26902803160,CI Pipeline,completed,failure,90.0,2026-06-03T17:50:36Z,2026-06-03T17:52:06Z,bdaafd2d,ci: enable dependency cache - run 13,Tests,79359506998,completed,failure,63.0,Set up job,completed,success,1.0,29050,2026-06-03T14:56:04.737011
26902803160,CI Pipeline,completed,failure,90.0,2026-06-03T17:50:36Z,2026-06-03T17:52:06Z,bdaafd2d,ci: enable dependency cache - run 13,Tests,79359506998,completed,failure,63.0,Checkout code,completed,success,1.0,29050,2026-06-03T14:56:04.737016
26902803160,CI Pipeline,completed,failure,90.0,2026-06-03T17:50:36Z,2026-06-03T17:52:06Z,bdaafd2d,ci: enable dependency cache - run 13,Tests,79359506998,completed,failure,63.0,Setup .NET,completed,success,1.0,29050,2026-06-03T14:56:04.737022
26902803160,CI Pipeline,completed,failure,90.0,2026-06-03T17:50:36Z,2026-06-03T17:52:06Z,bdaafd2d,ci: enable dependency cache - run 13,Tests,79359506998,completed,failure,63.0,Restore dependencies,completed,success,1.0,29050,2026-06-03T14:56:04.737027
26902803160,CI Pipeline,completed,failure,90.0,2026-06-03T17:50:36Z,2026-06-03T17:52:06Z,bdaafd2d,ci: enable dependency cache - run 13,Tests,79359506998,completed,failure,63.0,Dotnet restore,completed,success,5.0,29050,2026-06-03T14:56:04.737037
26902803160,CI Pipeline,completed,failure,90.0,2026-06-03T17:50:36Z,2026-06-03T17:52:06Z,bdaafd2d,ci: enable dependency cache - run 13,Tests,79359506998,completed,failure,63.0,Run tests,completed,failure,49.0,29050,2026-06-03T14:56:04.737042
26902803160,CI Pipeline,completed,failure,90.0,2026-06-03T17:50:36Z,2026-06-03T17:52:06Z,bdaafd2d,ci: enable dependency cache - run 13,Tests,79359506998,completed,failure,63.0,Upload test results,completed,success,1.0,29050,2026-06-03T14:56:04.737047
26902803160,CI Pipeline,completed,failure,90.0,2026-06-03T17:50:36Z,2026-06-03T17:52:06Z,bdaafd2d,ci: enable dependency cache - run 13,Tests,79359506998,completed,failure,63.0,Upload code coverage,completed,success,1.0,29050,2026-06-03T14:56:04.737053
26902803160,CI Pipeline,completed,failure,90.0,2026-06-03T17:50:36Z,2026-06-03T17:52:06Z,bdaafd2d,ci: enable dependency cache - run 13,Tests,79359506998,completed,failure,63.0,Post Restore dependencies,completed,skipped,0.0,29050,2026-06-03T14:56:04.737059
26902803160,CI Pipeline,completed,failure,90.0,2026-06-03T17:50:36Z,2026-06-03T17:52:06Z,bdaafd2d,ci: enable dependency cache - run 13,Tests,79359506998,completed,failure,63.0,Post Setup .NET,completed,skipped,0.0,29050,2026-06-03T14:56:04.737064
26902803160,CI Pipeline,completed,failure,90.0,2026-06-03T17:50:36Z,2026-06-03T17:52:06Z,bdaafd2d,ci: enable dependency cache - run 13,Tests,79359506998,completed,failure,63.0,Post Checkout code,completed,success,0.0,29050,2026-06-03T14:56:04.737070
26902803160,CI Pipeline,completed,failure,90.0,2026-06-03T17:50:36Z,2026-06-03T17:52:06Z,bdaafd2d,ci: enable dependency cache - run 13,Tests,79359506998,completed,failure,63.0,Complete job,completed,success,0.0,29050,2026-06-03T14:56:04.737076
26902803160,CI Pipeline,completed,failure,90.0,2026-06-03T17:50:36Z,2026-06-03T17:52:06Z,bdaafd2d,ci: enable dependency cache - run 13,All Checks,79359714519,completed,failure,2.0,Set up job,completed,success,0.0,29050,2026-06-03T14:56:04.737084
26902803160,CI Pipeline,completed,failure,90.0,2026-06-03T17:50:36Z,2026-06-03T17:52:06Z,bdaafd2d,ci: enable dependency cache - run 13,All Checks,79359714519,completed,failure,2.0,Check all jobs status,completed,failure,0.0,29050,2026-06-03T14:56:04.737090
26902803160,CI Pipeline,completed,failure,90.0,2026-06-03T17:50:36Z,2026-06-03T17:52:06Z,bdaafd2d,ci: enable dependency cache - run 13,All Checks,79359714519,completed,failure,2.0,Complete job,completed,success,0.0,29050,2026-06-03T14:56:04.737096
26902771183,CI Pipeline,completed,failure,93.0,2026-06-03T17:50:00Z,2026-06-03T17:51:33Z,1cb66d8c,ci: disable dependency cache - run 12,Code Quality,79359330828,completed,success,26.0,Set up job,completed,success,1.0,29463,2026-06-03T14:56:05.472754
26902771183,CI Pipeline,completed,failure,93.0,2026-06-03T17:50:00Z,2026-06-03T17:51:33Z,1cb66d8c,ci: disable dependency cache - run 12,Code Quality,79359330828,completed,success,26.0,Checkout code,completed,success,1.0,29463,2026-06-03T14:56:05.472765
26902771183,CI Pipeline,completed,failure,93.0,2026-06-03T17:50:00Z,2026-06-03T17:51:33Z,1cb66d8c,ci: disable dependency cache - run 12,Code Quality,79359330828,completed,success,26.0,Setup .NET,completed,success,1.0,29463,2026-06-03T14:56:05.472769
26902771183,CI Pipeline,completed,failure,93.0,2026-06-03T17:50:00Z,2026-06-03T17:51:33Z,1cb66d8c,ci: disable dependency cache - run 12,Code Quality,79359330828,completed,success,26.0,Dotnet restore,completed,success,7.0,29463,2026-06-03T14:56:05.472771
26902771183,CI Pipeline,completed,failure,93.0,2026-06-03T17:50:00Z,2026-06-03T17:51:33Z,1cb66d8c,ci: disable dependency cache - run 12,Code Quality,79359330828,completed,success,26.0,Verify code formatting,completed,success,13.0,29463,2026-06-03T14:56:05.472774
26902771183,CI Pipeline,completed,failure,93.0,2026-06-03T17:50:00Z,2026-06-03T17:51:33Z,1cb66d8c,ci: disable dependency cache - run 12,Code Quality,79359330828,completed,success,26.0,Post Setup .NET,completed,success,0.0,29463,2026-06-03T14:56:05.472777
26902771183,CI Pipeline,completed,failure,93.0,2026-06-03T17:50:00Z,2026-06-03T17:51:33Z,1cb66d8c,ci: disable dependency cache - run 12,Code Quality,79359330828,completed,success,26.0,Post Checkout code,completed,success,1.0,29463,2026-06-03T14:56:05.472779
26902771183,CI Pipeline,completed,failure,93.0,2026-06-03T17:50:00Z,2026-06-03T17:51:33Z,1cb66d8c,ci: disable dependency cache - run 12,Code Quality,79359330828,completed,success,26.0,Complete job,completed,success,0.0,29463,2026-06-03T14:56:05.472781
26902771183,CI Pipeline,completed,failure,93.0,2026-06-03T17:50:00Z,2026-06-03T17:51:33Z,1cb66d8c,ci: disable dependency cache - run 12,Build,79359330873,completed,success,13.0,Set up job,completed,success,1.0,29463,2026-06-03T14:56:05.472793
26902771183,CI Pipeline,completed,failure,93.0,2026-06-03T17:50:00Z,2026-06-03T17:51:33Z,1cb66d8c,ci: disable dependency cache - run 12,Build,79359330873,completed,success,13.0,Checkout code,completed,success,1.0,29463,2026-06-03T14:56:05.472800
26902771183,CI Pipeline,completed,failure,93.0,2026-06-03T17:50:00Z,2026-06-03T17:51:33Z,1cb66d8c,ci: disable dependency cache - run 12,Build,79359330873,completed,success,13.0,Setup .NET,completed,success,1.0,29463,2026-06-03T14:56:05.472802
26902771183,CI Pipeline,completed,failure,93.0,2026-06-03T17:50:00Z,2026-06-03T17:51:33Z,1cb66d8c,ci: disable dependency cache - run 12,Build,79359330873,completed,success,13.0,Dotnet restore,completed,success,2.0,29463,2026-06-03T14:56:05.472805
26902771183,CI Pipeline,completed,failure,93.0,2026-06-03T17:50:00Z,2026-06-03T17:51:33Z,1cb66d8c,ci: disable dependency cache - run 12,Build,79359330873,completed,success,13.0,Build project,completed,success,6.0,29463,2026-06-03T14:56:05.472807
26902771183,CI Pipeline,completed,failure,93.0,2026-06-03T17:50:00Z,2026-06-03T17:51:33Z,1cb66d8c,ci: disable dependency cache - run 12,Build,79359330873,completed,success,13.0,Post Setup .NET,completed,success,1.0,29463,2026-06-03T14:56:05.472809
26902771183,CI Pipeline,completed,failure,93.0,2026-06-03T17:50:00Z,2026-06-03T17:51:33Z,1cb66d8c,ci: disable dependency cache - run 12,Build,79359330873,completed,success,13.0,Post Checkout code,completed,success,0.0,29463,2026-06-03T14:56:05.472812
26902771183,CI Pipeline,completed,failure,93.0,2026-06-03T17:50:00Z,2026-06-03T17:51:33Z,1cb66d8c,ci: disable dependency cache - run 12,Build,79359330873,completed,success,13.0,Complete job,completed,success,0.0,29463,2026-06-03T14:56:05.472814
26902771183,CI Pipeline,completed,failure,93.0,2026-06-03T17:50:00Z,2026-06-03T17:51:33Z,1cb66d8c,ci: disable dependency cache - run 12,Tests,79359378356,completed,failure,68.0,Set up job,completed,success,1.0,29463,2026-06-03T14:56:05.472817
26902771183,CI Pipeline,completed,failure,93.0,2026-06-03T17:50:00Z,2026-06-03T17:51:33Z,1cb66d8c,ci: disable dependency cache - run 12,Tests,79359378356,completed,failure,68.0,Checkout code,completed,success,1.0,29463,2026-06-03T14:56:05.472819
26902771183,CI Pipeline,completed,failure,93.0,2026-06-03T17:50:00Z,2026-06-03T17:51:33Z,1cb66d8c,ci: disable dependency cache - run 12,Tests,79359378356,completed,failure,68.0,Setup .NET,completed,success,1.0,29463,2026-06-03T14:56:05.472822
26902771183,CI Pipeline,completed,failure,93.0,2026-06-03T17:50:00Z,2026-06-03T17:51:33Z,1cb66d8c,ci: disable dependency cache - run 12,Tests,79359378356,completed,failure,68.0,Dotnet restore,completed,success,9.0,29463,2026-06-03T14:56:05.472824
26902771183,CI Pipeline,completed,failure,93.0,2026-06-03T17:50:00Z,2026-06-03T17:51:33Z,1cb66d8c,ci: disable dependency cache - run 12,Tests,79359378356,completed,failure,68.0,Run tests,completed,failure,51.0,29463,2026-06-03T14:56:05.472826
26902771183,CI Pipeline,completed,failure,93.0,2026-06-03T17:50:00Z,2026-06-03T17:51:33Z,1cb66d8c,ci: disable dependency cache - run 12,Tests,79359378356,completed,failure,68.0,Upload test results,completed,success,1.0,29463,2026-06-03T14:56:05.472829
26902771183,CI Pipeline,completed,failure,93.0,2026-06-03T17:50:00Z,2026-06-03T17:51:33Z,1cb66d8c,ci: disable dependency cache - run 12,Tests,79359378356,completed,failure,68.0,Upload code coverage,completed,success,1.0,29463,2026-06-03T14:56:05.472831
26902771183,CI Pipeline,completed,failure,93.0,2026-06-03T17:50:00Z,2026-06-03T17:51:33Z,1cb66d8c,ci: disable dependency cache - run 12,Tests,79359378356,completed,failure,68.0,Post Setup .NET,completed,skipped,0.0,29463,2026-06-03T14:56:05.472833
26902771183,CI Pipeline,completed,failure,93.0,2026-06-03T17:50:00Z,2026-06-03T17:51:33Z,1cb66d8c,ci: disable dependency cache - run 12,Tests,79359378356,completed,failure,68.0,Post Checkout code,completed,success,0.0,29463,2026-06-03T14:56:05.472836
26902771183,CI Pipeline,completed,failure,93.0,2026-06-03T17:50:00Z,2026-06-03T17:51:33Z,1cb66d8c,ci: disable dependency cache - run 12,Tests,79359378356,completed,failure,68.0,Complete job,completed,success,0.0,29463,2026-06-03T14:56:05.472838
26902771183,CI Pipeline,completed,failure,93.0,2026-06-03T17:50:00Z,2026-06-03T17:51:33Z,1cb66d8c,ci: disable dependency cache - run 12,All Checks,79359611295,completed,failure,2.0,Set up job,completed,success,0.0,29463,2026-06-03T14:56:05.472841
26902771183,CI Pipeline,completed,failure,93.0,2026-06-03T17:50:00Z,2026-06-03T17:51:33Z,1cb66d8c,ci: disable dependency cache - run 12,All Checks,79359611295,completed,failure,2.0,Check all jobs status,completed,failure,0.0,29463,2026-06-03T14:56:05.472844
26902771183,CI Pipeline,completed,failure,93.0,2026-06-03T17:50:00Z,2026-06-03T17:51:33Z,1cb66d8c,ci: disable dependency cache - run 12,All Checks,79359611295,completed,failure,2.0,Complete job,completed,success,0.0,29463,2026-06-03T14:56:05.472846
26902743644,CI Pipeline,completed,failure,92.0,2026-06-03T17:49:26Z,2026-06-03T17:50:58Z,6402dd27,perf(tests): more slow tests - run 11,Code Quality,79359226322,completed,success,30.0,Set up job,completed,success,1.0,29526,2026-06-03T14:56:06.483347
26902743644,CI Pipeline,completed,failure,92.0,2026-06-03T17:49:26Z,2026-06-03T17:50:58Z,6402dd27,perf(tests): more slow tests - run 11,Code Quality,79359226322,completed,success,30.0,Checkout code,completed,success,1.0,29526,2026-06-03T14:56:06.483441
26902743644,CI Pipeline,completed,failure,92.0,2026-06-03T17:49:26Z,2026-06-03T17:50:58Z,6402dd27,perf(tests): more slow tests - run 11,Code Quality,79359226322,completed,success,30.0,Setup .NET,completed,success,1.0,29526,2026-06-03T14:56:06.483445
26902743644,CI Pipeline,completed,failure,92.0,2026-06-03T17:49:26Z,2026-06-03T17:50:58Z,6402dd27,perf(tests): more slow tests - run 11,Code Quality,79359226322,completed,success,30.0,Restore dependencies,completed,success,9.0,29526,2026-06-03T14:56:06.483448
26902743644,CI Pipeline,completed,failure,92.0,2026-06-03T17:49:26Z,2026-06-03T17:50:58Z,6402dd27,perf(tests): more slow tests - run 11,Code Quality,79359226322,completed,success,30.0,Verify code formatting,completed,success,15.0,29526,2026-06-03T14:56:06.483468
26902743644,CI Pipeline,completed,failure,92.0,2026-06-03T17:49:26Z,2026-06-03T17:50:58Z,6402dd27,perf(tests): more slow tests - run 11,Code Quality,79359226322,completed,success,30.0,Post Setup .NET,completed,success,0.0,29526,2026-06-03T14:56:06.483472
26902743644,CI Pipeline,completed,failure,92.0,2026-06-03T17:49:26Z,2026-06-03T17:50:58Z,6402dd27,perf(tests): more slow tests - run 11,Code Quality,79359226322,completed,success,30.0,Post Checkout code,completed,success,0.0,29526,2026-06-03T14:56:06.483474
26902743644,CI Pipeline,completed,failure,92.0,2026-06-03T17:49:26Z,2026-06-03T17:50:58Z,6402dd27,perf(tests): more slow tests - run 11,Code Quality,79359226322,completed,success,30.0,Complete job,completed,success,0.0,29526,2026-06-03T14:56:06.483477
26902743644,CI Pipeline,completed,failure,92.0,2026-06-03T17:49:26Z,2026-06-03T17:50:58Z,6402dd27,perf(tests): more slow tests - run 11,Build,79359226361,completed,success,24.0,Set up job,completed,success,1.0,29526,2026-06-03T14:56:06.483482
26902743644,CI Pipeline,completed,failure,92.0,2026-06-03T17:49:26Z,2026-06-03T17:50:58Z,6402dd27,perf(tests): more slow tests - run 11,Build,79359226361,completed,success,24.0,Checkout code,completed,success,1.0,29526,2026-06-03T14:56:06.483485
26902743644,CI Pipeline,completed,failure,92.0,2026-06-03T17:49:26Z,2026-06-03T17:50:58Z,6402dd27,perf(tests): more slow tests - run 11,Build,79359226361,completed,success,24.0,Setup .NET,completed,success,1.0,29526,2026-06-03T14:56:06.483488
26902743644,CI Pipeline,completed,failure,92.0,2026-06-03T17:49:26Z,2026-06-03T17:50:58Z,6402dd27,perf(tests): more slow tests - run 11,Build,79359226361,completed,success,24.0,Restore dependencies,completed,success,1.0,29526,2026-06-03T14:56:06.483491
26902743644,CI Pipeline,completed,failure,92.0,2026-06-03T17:49:26Z,2026-06-03T17:50:58Z,6402dd27,perf(tests): more slow tests - run 11,Build,79359226361,completed,success,24.0,Dotnet restore,completed,success,8.0,29526,2026-06-03T14:56:06.483493
26902743644,CI Pipeline,completed,failure,92.0,2026-06-03T17:49:26Z,2026-06-03T17:50:58Z,6402dd27,perf(tests): more slow tests - run 11,Build,79359226361,completed,success,24.0,Build project,completed,success,9.0,29526,2026-06-03T14:56:06.483496
26902743644,CI Pipeline,completed,failure,92.0,2026-06-03T17:49:26Z,2026-06-03T17:50:58Z,6402dd27,perf(tests): more slow tests - run 11,Build,79359226361,completed,success,24.0,Post Restore dependencies,completed,success,0.0,29526,2026-06-03T14:56:06.483499
26902743644,CI Pipeline,completed,failure,92.0,2026-06-03T17:49:26Z,2026-06-03T17:50:58Z,6402dd27,perf(tests): more slow tests - run 11,Build,79359226361,completed,success,24.0,Post Setup .NET,completed,success,0.0,29526,2026-06-03T14:56:06.483502
26902743644,CI Pipeline,completed,failure,92.0,2026-06-03T17:49:26Z,2026-06-03T17:50:58Z,6402dd27,perf(tests): more slow tests - run 11,Build,79359226361,completed,success,24.0,Post Checkout code,completed,success,0.0,29526,2026-06-03T14:56:06.483505
26902743644,CI Pipeline,completed,failure,92.0,2026-06-03T17:49:26Z,2026-06-03T17:50:58Z,6402dd27,perf(tests): more slow tests - run 11,Build,79359226361,completed,success,24.0,Complete job,completed,success,0.0,29526,2026-06-03T14:56:06.483507
26902743644,CI Pipeline,completed,failure,92.0,2026-06-03T17:49:26Z,2026-06-03T17:50:58Z,6402dd27,perf(tests): more slow tests - run 11,Tests,79359306066,completed,failure,58.0,Set up job,completed,success,2.0,29526,2026-06-03T14:56:06.483510
26902743644,CI Pipeline,completed,failure,92.0,2026-06-03T17:49:26Z,2026-06-03T17:50:58Z,6402dd27,perf(tests): more slow tests - run 11,Tests,79359306066,completed,failure,58.0,Checkout code,completed,success,1.0,29526,2026-06-03T14:56:06.483513
26902743644,CI Pipeline,completed,failure,92.0,2026-06-03T17:49:26Z,2026-06-03T17:50:58Z,6402dd27,perf(tests): more slow tests - run 11,Tests,79359306066,completed,failure,58.0,Setup .NET,completed,success,1.0,29526,2026-06-03T14:56:06.483515
26902743644,CI Pipeline,completed,failure,92.0,2026-06-03T17:49:26Z,2026-06-03T17:50:58Z,6402dd27,perf(tests): more slow tests - run 11,Tests,79359306066,completed,failure,58.0,Restore dependencies,completed,success,2.0,29526,2026-06-03T14:56:06.483518
26902743644,CI Pipeline,completed,failure,92.0,2026-06-03T17:49:26Z,2026-06-03T17:50:58Z,6402dd27,perf(tests): more slow tests - run 11,Tests,79359306066,completed,failure,58.0,Dotnet restore,completed,success,2.0,29526,2026-06-03T14:56:06.483521
26902743644,CI Pipeline,completed,failure,92.0,2026-06-03T17:49:26Z,2026-06-03T17:50:58Z,6402dd27,perf(tests): more slow tests - run 11,Tests,79359306066,completed,failure,58.0,Run tests,completed,failure,47.0,29526,2026-06-03T14:56:06.483523
26902743644,CI Pipeline,completed,failure,92.0,2026-06-03T17:49:26Z,2026-06-03T17:50:58Z,6402dd27,perf(tests): more slow tests - run 11,Tests,79359306066,completed,failure,58.0,Upload test results,completed,success,1.0,29526,2026-06-03T14:56:06.483526
26902743644,CI Pipeline,completed,failure,92.0,2026-06-03T17:49:26Z,2026-06-03T17:50:58Z,6402dd27,perf(tests): more slow tests - run 11,Tests,79359306066,completed,failure,58.0,Upload code coverage,completed,success,1.0,29526,2026-06-03T14:56:06.483528
26902743644,CI Pipeline,completed,failure,92.0,2026-06-03T17:49:26Z,2026-06-03T17:50:58Z,6402dd27,perf(tests): more slow tests - run 11,Tests,79359306066,completed,failure,58.0,Post Restore dependencies,completed,skipped,0.0,29526,2026-06-03T14:56:06.483531
26902743644,CI Pipeline,completed,failure,92.0,2026-06-03T17:49:26Z,2026-06-03T17:50:58Z,6402dd27,perf(tests): more slow tests - run 11,Tests,79359306066,completed,failure,58.0,Post Setup .NET,completed,skipped,0.0,29526,2026-06-03T14:56:06.483534
26902743644,CI Pipeline,completed,failure,92.0,2026-06-03T17:49:26Z,2026-06-03T17:50:58Z,6402dd27,perf(tests): more slow tests - run 11,Tests,79359306066,completed,failure,58.0,Post Checkout code,completed,success,0.0,29526,2026-06-03T14:56:06.483536
26902743644,CI Pipeline,completed,failure,92.0,2026-06-03T17:49:26Z,2026-06-03T17:50:58Z,6402dd27,perf(tests): more slow tests - run 11,Tests,79359306066,completed,failure,58.0,Complete job,completed,success,0.0,29526,2026-06-03T14:56:06.483550
26902743644,CI Pipeline,completed,failure,92.0,2026-06-03T17:49:26Z,2026-06-03T17:50:58Z,6402dd27,perf(tests): more slow tests - run 11,All Checks,79359498077,completed,failure,2.0,Set up job,completed,success,0.0,29526,2026-06-03T14:56:06.483554
26902743644,CI Pipeline,completed,failure,92.0,2026-06-03T17:49:26Z,2026-06-03T17:50:58Z,6402dd27,perf(tests): more slow tests - run 11,All Checks,79359498077,completed,failure,2.0,Check all jobs status,completed,failure,0.0,29526,2026-06-03T14:56:06.483557
26902743644,CI Pipeline,completed,failure,92.0,2026-06-03T17:49:26Z,2026-06-03T17:50:58Z,6402dd27,perf(tests): more slow tests - run 11,All Checks,79359498077,completed,failure,2.0,Complete job,completed,success,0.0,29526,2026-06-03T14:56:06.483561
26902731658,CI Pipeline,completed,failure,72.0,2026-06-03T17:49:13Z,2026-06-03T17:50:25Z,fb535aa4,perf(tests): introduce slow tests - run 10,Build,79359185844,completed,success,14.0,Set up job,completed,success,1.0,29471,2026-06-03T14:56:07.268509
26902731658,CI Pipeline,completed,failure,72.0,2026-06-03T17:49:13Z,2026-06-03T17:50:25Z,fb535aa4,perf(tests): introduce slow tests - run 10,Build,79359185844,completed,success,14.0,Checkout code,completed,success,1.0,29471,2026-06-03T14:56:07.268549
26902731658,CI Pipeline,completed,failure,72.0,2026-06-03T17:49:13Z,2026-06-03T17:50:25Z,fb535aa4,perf(tests): introduce slow tests - run 10,Build,79359185844,completed,success,14.0,Setup .NET,completed,success,0.0,29471,2026-06-03T14:56:07.268554
26902731658,CI Pipeline,completed,failure,72.0,2026-06-03T17:49:13Z,2026-06-03T17:50:25Z,fb535aa4,perf(tests): introduce slow tests - run 10,Build,79359185844,completed,success,14.0,Restore dependencies,completed,success,1.0,29471,2026-06-03T14:56:07.268558
26902731658,CI Pipeline,completed,failure,72.0,2026-06-03T17:49:13Z,2026-06-03T17:50:25Z,fb535aa4,perf(tests): introduce slow tests - run 10,Build,79359185844,completed,success,14.0,Dotnet restore,completed,success,3.0,29471,2026-06-03T14:56:07.268560
26902731658,CI Pipeline,completed,failure,72.0,2026-06-03T17:49:13Z,2026-06-03T17:50:25Z,fb535aa4,perf(tests): introduce slow tests - run 10,Build,79359185844,completed,success,14.0,Build project,completed,success,5.0,29471,2026-06-03T14:56:07.268562
26902731658,CI Pipeline,completed,failure,72.0,2026-06-03T17:49:13Z,2026-06-03T17:50:25Z,fb535aa4,perf(tests): introduce slow tests - run 10,Build,79359185844,completed,success,14.0,Post Restore dependencies,completed,success,0.0,29471,2026-06-03T14:56:07.268565
26902731658,CI Pipeline,completed,failure,72.0,2026-06-03T17:49:13Z,2026-06-03T17:50:25Z,fb535aa4,perf(tests): introduce slow tests - run 10,Build,79359185844,completed,success,14.0,Post Setup .NET,completed,success,0.0,29471,2026-06-03T14:56:07.268567
26902731658,CI Pipeline,completed,failure,72.0,2026-06-03T17:49:13Z,2026-06-03T17:50:25Z,fb535aa4,perf(tests): introduce slow tests - run 10,Build,79359185844,completed,success,14.0,Post Checkout code,completed,success,1.0,29471,2026-06-03T14:56:07.268569
26902731658,CI Pipeline,completed,failure,72.0,2026-06-03T17:49:13Z,2026-06-03T17:50:25Z,fb535aa4,perf(tests): introduce slow tests - run 10,Build,79359185844,completed,success,14.0,Complete job,completed,success,0.0,29471,2026-06-03T14:56:07.268571
26902731658,CI Pipeline,completed,failure,72.0,2026-06-03T17:49:13Z,2026-06-03T17:50:25Z,fb535aa4,perf(tests): introduce slow tests - run 10,Code Quality,79359185851,completed,success,26.0,Set up job,completed,success,1.0,29471,2026-06-03T14:56:07.268574
26902731658,CI Pipeline,completed,failure,72.0,2026-06-03T17:49:13Z,2026-06-03T17:50:25Z,fb535aa4,perf(tests): introduce slow tests - run 10,Code Quality,79359185851,completed,success,26.0,Checkout code,completed,success,1.0,29471,2026-06-03T14:56:07.268576
26902731658,CI Pipeline,completed,failure,72.0,2026-06-03T17:49:13Z,2026-06-03T17:50:25Z,fb535aa4,perf(tests): introduce slow tests - run 10,Code Quality,79359185851,completed,success,26.0,Setup .NET,completed,success,0.0,29471,2026-06-03T14:56:07.268577
26902731658,CI Pipeline,completed,failure,72.0,2026-06-03T17:49:13Z,2026-06-03T17:50:25Z,fb535aa4,perf(tests): introduce slow tests - run 10,Code Quality,79359185851,completed,success,26.0,Restore dependencies,completed,success,7.0,29471,2026-06-03T14:56:07.268579
26902731658,CI Pipeline,completed,failure,72.0,2026-06-03T17:49:13Z,2026-06-03T17:50:25Z,fb535aa4,perf(tests): introduce slow tests - run 10,Code Quality,79359185851,completed,success,26.0,Verify code formatting,completed,success,13.0,29471,2026-06-03T14:56:07.268581
26902731658,CI Pipeline,completed,failure,72.0,2026-06-03T17:49:13Z,2026-06-03T17:50:25Z,fb535aa4,perf(tests): introduce slow tests - run 10,Code Quality,79359185851,completed,success,26.0,Post Setup .NET,completed,success,0.0,29471,2026-06-03T14:56:07.268583
26902731658,CI Pipeline,completed,failure,72.0,2026-06-03T17:49:13Z,2026-06-03T17:50:25Z,fb535aa4,perf(tests): introduce slow tests - run 10,Code Quality,79359185851,completed,success,26.0,Post Checkout code,completed,success,1.0,29471,2026-06-03T14:56:07.268585
26902731658,CI Pipeline,completed,failure,72.0,2026-06-03T17:49:13Z,2026-06-03T17:50:25Z,fb535aa4,perf(tests): introduce slow tests - run 10,Code Quality,79359185851,completed,success,26.0,Complete job,completed,success,0.0,29471,2026-06-03T14:56:07.268586
26902731658,CI Pipeline,completed,failure,72.0,2026-06-03T17:49:13Z,2026-06-03T17:50:25Z,fb535aa4,perf(tests): introduce slow tests - run 10,Tests,79359235574,completed,failure,47.0,Set up job,completed,success,1.0,29471,2026-06-03T14:56:07.268589
26902731658,CI Pipeline,completed,failure,72.0,2026-06-03T17:49:13Z,2026-06-03T17:50:25Z,fb535aa4,perf(tests): introduce slow tests - run 10,Tests,79359235574,completed,failure,47.0,Checkout code,completed,success,1.0,29471,2026-06-03T14:56:07.268591
26902731658,CI Pipeline,completed,failure,72.0,2026-06-03T17:49:13Z,2026-06-03T17:50:25Z,fb535aa4,perf(tests): introduce slow tests - run 10,Tests,79359235574,completed,failure,47.0,Setup .NET,completed,success,1.0,29471,2026-06-03T14:56:07.268593
26902731658,CI Pipeline,completed,failure,72.0,2026-06-03T17:49:13Z,2026-06-03T17:50:25Z,fb535aa4,perf(tests): introduce slow tests - run 10,Tests,79359235574,completed,failure,47.0,Restore dependencies,completed,success,1.0,29471,2026-06-03T14:56:07.268741
26902731658,CI Pipeline,completed,failure,72.0,2026-06-03T17:49:13Z,2026-06-03T17:50:25Z,fb535aa4,perf(tests): introduce slow tests - run 10,Tests,79359235574,completed,failure,47.0,Dotnet restore,completed,success,3.0,29471,2026-06-03T14:56:07.268786
26902731658,CI Pipeline,completed,failure,72.0,2026-06-03T17:49:13Z,2026-06-03T17:50:25Z,fb535aa4,perf(tests): introduce slow tests - run 10,Tests,79359235574,completed,failure,47.0,Run tests,completed,failure,36.0,29471,2026-06-03T14:56:07.268790
26902731658,CI Pipeline,completed,failure,72.0,2026-06-03T17:49:13Z,2026-06-03T17:50:25Z,fb535aa4,perf(tests): introduce slow tests - run 10,Tests,79359235574,completed,failure,47.0,Upload test results,completed,success,0.0,29471,2026-06-03T14:56:07.268792
26902731658,CI Pipeline,completed,failure,72.0,2026-06-03T17:49:13Z,2026-06-03T17:50:25Z,fb535aa4,perf(tests): introduce slow tests - run 10,Tests,79359235574,completed,failure,47.0,Upload code coverage,completed,success,1.0,29471,2026-06-03T14:56:07.268794
26902731658,CI Pipeline,completed,failure,72.0,2026-06-03T17:49:13Z,2026-06-03T17:50:25Z,fb535aa4,perf(tests): introduce slow tests - run 10,Tests,79359235574,completed,failure,47.0,Post Restore dependencies,completed,skipped,0.0,29471,2026-06-03T14:56:07.268796
26902731658,CI Pipeline,completed,failure,72.0,2026-06-03T17:49:13Z,2026-06-03T17:50:25Z,fb535aa4,perf(tests): introduce slow tests - run 10,Tests,79359235574,completed,failure,47.0,Post Setup .NET,completed,skipped,0.0,29471,2026-06-03T14:56:07.268797
26902731658,CI Pipeline,completed,failure,72.0,2026-06-03T17:49:13Z,2026-06-03T17:50:25Z,fb535aa4,perf(tests): introduce slow tests - run 10,Tests,79359235574,completed,failure,47.0,Post Checkout code,completed,success,0.0,29471,2026-06-03T14:56:07.268799
26902731658,CI Pipeline,completed,failure,72.0,2026-06-03T17:49:13Z,2026-06-03T17:50:25Z,fb535aa4,perf(tests): introduce slow tests - run 10,Tests,79359235574,completed,failure,47.0,Complete job,completed,success,0.0,29471,2026-06-03T14:56:07.268802
26902731658,CI Pipeline,completed,failure,72.0,2026-06-03T17:49:13Z,2026-06-03T17:50:25Z,fb535aa4,perf(tests): introduce slow tests - run 10,All Checks,79359386422,completed,failure,2.0,Set up job,completed,success,0.0,29471,2026-06-03T14:56:07.268804
26902731658,CI Pipeline,completed,failure,72.0,2026-06-03T17:49:13Z,2026-06-03T17:50:25Z,fb535aa4,perf(tests): introduce slow tests - run 10,All Checks,79359386422,completed,failure,2.0,Check all jobs status,completed,failure,0.0,29471,2026-06-03T14:56:07.268824
26902731658,CI Pipeline,completed,failure,72.0,2026-06-03T17:49:13Z,2026-06-03T17:50:25Z,fb535aa4,perf(tests): introduce slow tests - run 10,All Checks,79359386422,completed,failure,2.0,Complete job,completed,success,0.0,29471,2026-06-03T14:56:07.268826
26902648191,CI Pipeline,completed,failure,54.0,2026-06-03T17:47:37Z,2026-06-03T17:48:31Z,6c78cca8,test(calculator): add more tests for 100 total,Build,79358882086,completed,success,18.0,Set up job,completed,success,1.0,28857,2026-06-03T14:56:08.041486
26902648191,CI Pipeline,completed,failure,54.0,2026-06-03T17:47:37Z,2026-06-03T17:48:31Z,6c78cca8,test(calculator): add more tests for 100 total,Build,79358882086,completed,success,18.0,Checkout code,completed,success,2.0,28857,2026-06-03T14:56:08.041506
26902648191,CI Pipeline,completed,failure,54.0,2026-06-03T17:47:37Z,2026-06-03T17:48:31Z,6c78cca8,test(calculator): add more tests for 100 total,Build,79358882086,completed,success,18.0,Setup .NET,completed,success,0.0,28857,2026-06-03T14:56:08.041510
26902648191,CI Pipeline,completed,failure,54.0,2026-06-03T17:47:37Z,2026-06-03T17:48:31Z,6c78cca8,test(calculator): add more tests for 100 total,Build,79358882086,completed,success,18.0,Restore dependencies,completed,success,3.0,28857,2026-06-03T14:56:08.041514
26902648191,CI Pipeline,completed,failure,54.0,2026-06-03T17:47:37Z,2026-06-03T17:48:31Z,6c78cca8,test(calculator): add more tests for 100 total,Build,79358882086,completed,success,18.0,Dotnet restore,completed,success,2.0,28857,2026-06-03T14:56:08.041518
26902648191,CI Pipeline,completed,failure,54.0,2026-06-03T17:47:37Z,2026-06-03T17:48:31Z,6c78cca8,test(calculator): add more tests for 100 total,Build,79358882086,completed,success,18.0,Build project,completed,success,6.0,28857,2026-06-03T14:56:08.041522
26902648191,CI Pipeline,completed,failure,54.0,2026-06-03T17:47:37Z,2026-06-03T17:48:31Z,6c78cca8,test(calculator): add more tests for 100 total,Build,79358882086,completed,success,18.0,Post Restore dependencies,completed,success,0.0,28857,2026-06-03T14:56:08.041526
26902648191,CI Pipeline,completed,failure,54.0,2026-06-03T17:47:37Z,2026-06-03T17:48:31Z,6c78cca8,test(calculator): add more tests for 100 total,Build,79358882086,completed,success,18.0,Post Setup .NET,completed,success,1.0,28857,2026-06-03T14:56:08.041529
26902648191,CI Pipeline,completed,failure,54.0,2026-06-03T17:47:37Z,2026-06-03T17:48:31Z,6c78cca8,test(calculator): add more tests for 100 total,Build,79358882086,completed,success,18.0,Post Checkout code,completed,success,0.0,28857,2026-06-03T14:56:08.041533
26902648191,CI Pipeline,completed,failure,54.0,2026-06-03T17:47:37Z,2026-06-03T17:48:31Z,6c78cca8,test(calculator): add more tests for 100 total,Build,79358882086,completed,success,18.0,Complete job,completed,success,0.0,28857,2026-06-03T14:56:08.041536
26902648191,CI Pipeline,completed,failure,54.0,2026-06-03T17:47:37Z,2026-06-03T17:48:31Z,6c78cca8,test(calculator): add more tests for 100 total,Code Quality,79358882139,completed,success,20.0,Set up job,completed,success,1.0,28857,2026-06-03T14:56:08.041541
26902648191,CI Pipeline,completed,failure,54.0,2026-06-03T17:47:37Z,2026-06-03T17:48:31Z,6c78cca8,test(calculator): add more tests for 100 total,Code Quality,79358882139,completed,success,20.0,Checkout code,completed,success,2.0,28857,2026-06-03T14:56:08.041545
26902648191,CI Pipeline,completed,failure,54.0,2026-06-03T17:47:37Z,2026-06-03T17:48:31Z,6c78cca8,test(calculator): add more tests for 100 total,Code Quality,79358882139,completed,success,20.0,Setup .NET,completed,success,1.0,28857,2026-06-03T14:56:08.041548
26902648191,CI Pipeline,completed,failure,54.0,2026-06-03T17:47:37Z,2026-06-03T17:48:31Z,6c78cca8,test(calculator): add more tests for 100 total,Code Quality,79358882139,completed,success,20.0,Restore dependencies,completed,success,3.0,28857,2026-06-03T14:56:08.041566
26902648191,CI Pipeline,completed,failure,54.0,2026-06-03T17:47:37Z,2026-06-03T17:48:31Z,6c78cca8,test(calculator): add more tests for 100 total,Code Quality,79358882139,completed,success,20.0,Verify code formatting,completed,success,9.0,28857,2026-06-03T14:56:08.041571
26902648191,CI Pipeline,completed,failure,54.0,2026-06-03T17:47:37Z,2026-06-03T17:48:31Z,6c78cca8,test(calculator): add more tests for 100 total,Code Quality,79358882139,completed,success,20.0,Post Setup .NET,completed,success,0.0,28857,2026-06-03T14:56:08.041574
26902648191,CI Pipeline,completed,failure,54.0,2026-06-03T17:47:37Z,2026-06-03T17:48:31Z,6c78cca8,test(calculator): add more tests for 100 total,Code Quality,79358882139,completed,success,20.0,Post Checkout code,completed,success,1.0,28857,2026-06-03T14:56:08.041578
26902648191,CI Pipeline,completed,failure,54.0,2026-06-03T17:47:37Z,2026-06-03T17:48:31Z,6c78cca8,test(calculator): add more tests for 100 total,Code Quality,79358882139,completed,success,20.0,Complete job,completed,success,0.0,28857,2026-06-03T14:56:08.041581
26902648191,CI Pipeline,completed,failure,54.0,2026-06-03T17:47:37Z,2026-06-03T17:48:31Z,6c78cca8,test(calculator): add more tests for 100 total,Tests,79358948951,completed,failure,25.0,Set up job,completed,success,1.0,28857,2026-06-03T14:56:08.041585
26902648191,CI Pipeline,completed,failure,54.0,2026-06-03T17:47:37Z,2026-06-03T17:48:31Z,6c78cca8,test(calculator): add more tests for 100 total,Tests,79358948951,completed,failure,25.0,Checkout code,completed,success,1.0,28857,2026-06-03T14:56:08.041589
26902648191,CI Pipeline,completed,failure,54.0,2026-06-03T17:47:37Z,2026-06-03T17:48:31Z,6c78cca8,test(calculator): add more tests for 100 total,Tests,79358948951,completed,failure,25.0,Setup .NET,completed,success,1.0,28857,2026-06-03T14:56:08.041593
26902648191,CI Pipeline,completed,failure,54.0,2026-06-03T17:47:37Z,2026-06-03T17:48:31Z,6c78cca8,test(calculator): add more tests for 100 total,Tests,79358948951,completed,failure,25.0,Restore dependencies,completed,success,1.0,28857,2026-06-03T14:56:08.041596
26902648191,CI Pipeline,completed,failure,54.0,2026-06-03T17:47:37Z,2026-06-03T17:48:31Z,6c78cca8,test(calculator): add more tests for 100 total,Tests,79358948951,completed,failure,25.0,Dotnet restore,completed,success,6.0,28857,2026-06-03T14:56:08.041599
26902648191,CI Pipeline,completed,failure,54.0,2026-06-03T17:47:37Z,2026-06-03T17:48:31Z,6c78cca8,test(calculator): add more tests for 100 total,Tests,79358948951,completed,failure,25.0,Run tests,completed,failure,11.0,28857,2026-06-03T14:56:08.041602
26902648191,CI Pipeline,completed,failure,54.0,2026-06-03T17:47:37Z,2026-06-03T17:48:31Z,6c78cca8,test(calculator): add more tests for 100 total,Tests,79358948951,completed,failure,25.0,Upload test results,completed,success,1.0,28857,2026-06-03T14:56:08.041606
26902648191,CI Pipeline,completed,failure,54.0,2026-06-03T17:47:37Z,2026-06-03T17:48:31Z,6c78cca8,test(calculator): add more tests for 100 total,Tests,79358948951,completed,failure,25.0,Upload code coverage,completed,success,1.0,28857,2026-06-03T14:56:08.041609
26902648191,CI Pipeline,completed,failure,54.0,2026-06-03T17:47:37Z,2026-06-03T17:48:31Z,6c78cca8,test(calculator): add more tests for 100 total,Tests,79358948951,completed,failure,25.0,Post Restore dependencies,completed,skipped,0.0,28857,2026-06-03T14:56:08.041612
26902648191,CI Pipeline,completed,failure,54.0,2026-06-03T17:47:37Z,2026-06-03T17:48:31Z,6c78cca8,test(calculator): add more tests for 100 total,Tests,79358948951,completed,failure,25.0,Post Setup .NET,completed,skipped,0.0,28857,2026-06-03T14:56:08.041616
26902648191,CI Pipeline,completed,failure,54.0,2026-06-03T17:47:37Z,2026-06-03T17:48:31Z,6c78cca8,test(calculator): add more tests for 100 total,Tests,79358948951,completed,failure,25.0,Post Checkout code,completed,success,0.0,28857,2026-06-03T14:56:08.041619
26902648191,CI Pipeline,completed,failure,54.0,2026-06-03T17:47:37Z,2026-06-03T17:48:31Z,6c78cca8,test(calculator): add more tests for 100 total,Tests,79358948951,completed,failure,25.0,Complete job,completed,success,0.0,28857,2026-06-03T14:56:08.041622
26902648191,CI Pipeline,completed,failure,54.0,2026-06-03T17:47:37Z,2026-06-03T17:48:31Z,6c78cca8,test(calculator): add more tests for 100 total,All Checks,79359031060,completed,failure,3.0,Set up job,completed,success,0.0,28857,2026-06-03T14:56:08.041627
26902648191,CI Pipeline,completed,failure,54.0,2026-06-03T17:47:37Z,2026-06-03T17:48:31Z,6c78cca8,test(calculator): add more tests for 100 total,All Checks,79359031060,completed,failure,3.0,Check all jobs status,completed,failure,0.0,28857,2026-06-03T14:56:08.041630
26902648191,CI Pipeline,completed,failure,54.0,2026-06-03T17:47:37Z,2026-06-03T17:48:31Z,6c78cca8,test(calculator): add more tests for 100 total,All Checks,79359031060,completed,failure,3.0,Complete job,completed,success,0.0,28857,2026-06-03T14:56:08.041634
26902192236,CI Pipeline,completed,failure,58.0,2026-06-03T17:38:56Z,2026-06-03T17:39:54Z,8ba051a5,test(calculator): add 50 more tests,Build,79357263511,completed,success,25.0,Set up job,completed,success,1.0,25507,2026-06-03T14:56:08.739798
26902192236,CI Pipeline,completed,failure,58.0,2026-06-03T17:38:56Z,2026-06-03T17:39:54Z,8ba051a5,test(calculator): add 50 more tests,Build,79357263511,completed,success,25.0,Checkout code,completed,success,1.0,25507,2026-06-03T14:56:08.739828
26902192236,CI Pipeline,completed,failure,58.0,2026-06-03T17:38:56Z,2026-06-03T17:39:54Z,8ba051a5,test(calculator): add 50 more tests,Build,79357263511,completed,success,25.0,Setup .NET,completed,success,1.0,25507,2026-06-03T14:56:08.739837
26902192236,CI Pipeline,completed,failure,58.0,2026-06-03T17:38:56Z,2026-06-03T17:39:54Z,8ba051a5,test(calculator): add 50 more tests,Build,79357263511,completed,success,25.0,Restore dependencies,completed,success,1.0,25507,2026-06-03T14:56:08.739844
26902192236,CI Pipeline,completed,failure,58.0,2026-06-03T17:38:56Z,2026-06-03T17:39:54Z,8ba051a5,test(calculator): add 50 more tests,Build,79357263511,completed,success,25.0,Dotnet restore,completed,success,8.0,25507,2026-06-03T14:56:08.739851
26902192236,CI Pipeline,completed,failure,58.0,2026-06-03T17:38:56Z,2026-06-03T17:39:54Z,8ba051a5,test(calculator): add 50 more tests,Build,79357263511,completed,success,25.0,Build project,completed,success,10.0,25507,2026-06-03T14:56:08.739880
26902192236,CI Pipeline,completed,failure,58.0,2026-06-03T17:38:56Z,2026-06-03T17:39:54Z,8ba051a5,test(calculator): add 50 more tests,Build,79357263511,completed,success,25.0,Post Restore dependencies,completed,success,0.0,25507,2026-06-03T14:56:08.739889
26902192236,CI Pipeline,completed,failure,58.0,2026-06-03T17:38:56Z,2026-06-03T17:39:54Z,8ba051a5,test(calculator): add 50 more tests,Build,79357263511,completed,success,25.0,Post Setup .NET,completed,success,0.0,25507,2026-06-03T14:56:08.739904
26902192236,CI Pipeline,completed,failure,58.0,2026-06-03T17:38:56Z,2026-06-03T17:39:54Z,8ba051a5,test(calculator): add 50 more tests,Build,79357263511,completed,success,25.0,Post Checkout code,completed,success,1.0,25507,2026-06-03T14:56:08.739911
26902192236,CI Pipeline,completed,failure,58.0,2026-06-03T17:38:56Z,2026-06-03T17:39:54Z,8ba051a5,test(calculator): add 50 more tests,Build,79357263511,completed,success,25.0,Complete job,completed,success,0.0,25507,2026-06-03T14:56:08.739918
26902192236,CI Pipeline,completed,failure,58.0,2026-06-03T17:38:56Z,2026-06-03T17:39:54Z,8ba051a5,test(calculator): add 50 more tests,Code Quality,79357263575,completed,success,26.0,Set up job,completed,success,1.0,25507,2026-06-03T14:56:08.739928
26902192236,CI Pipeline,completed,failure,58.0,2026-06-03T17:38:56Z,2026-06-03T17:39:54Z,8ba051a5,test(calculator): add 50 more tests,Code Quality,79357263575,completed,success,26.0,Checkout code,completed,success,1.0,25507,2026-06-03T14:56:08.739935
26902192236,CI Pipeline,completed,failure,58.0,2026-06-03T17:38:56Z,2026-06-03T17:39:54Z,8ba051a5,test(calculator): add 50 more tests,Code Quality,79357263575,completed,success,26.0,Setup .NET,completed,success,1.0,25507,2026-06-03T14:56:08.739942
26902192236,CI Pipeline,completed,failure,58.0,2026-06-03T17:38:56Z,2026-06-03T17:39:54Z,8ba051a5,test(calculator): add 50 more tests,Code Quality,79357263575,completed,success,26.0,Restore dependencies,completed,success,7.0,25507,2026-06-03T14:56:08.739949
26902192236,CI Pipeline,completed,failure,58.0,2026-06-03T17:38:56Z,2026-06-03T17:39:54Z,8ba051a5,test(calculator): add 50 more tests,Code Quality,79357263575,completed,success,26.0,Verify code formatting,completed,success,13.0,25507,2026-06-03T14:56:08.739956
26902192236,CI Pipeline,completed,failure,58.0,2026-06-03T17:38:56Z,2026-06-03T17:39:54Z,8ba051a5,test(calculator): add 50 more tests,Code Quality,79357263575,completed,success,26.0,Post Setup .NET,completed,success,0.0,25507,2026-06-03T14:56:08.739963
26902192236,CI Pipeline,completed,failure,58.0,2026-06-03T17:38:56Z,2026-06-03T17:39:54Z,8ba051a5,test(calculator): add 50 more tests,Code Quality,79357263575,completed,success,26.0,Post Checkout code,completed,success,0.0,25507,2026-06-03T14:56:08.739970
26902192236,CI Pipeline,completed,failure,58.0,2026-06-03T17:38:56Z,2026-06-03T17:39:54Z,8ba051a5,test(calculator): add 50 more tests,Code Quality,79357263575,completed,success,26.0,Complete job,completed,success,0.0,25507,2026-06-03T14:56:08.739977
26902192236,CI Pipeline,completed,failure,58.0,2026-06-03T17:38:56Z,2026-06-03T17:39:54Z,8ba051a5,test(calculator): add 50 more tests,Tests,79357347345,completed,failure,21.0,Set up job,completed,success,2.0,25507,2026-06-03T14:56:08.739986
26902192236,CI Pipeline,completed,failure,58.0,2026-06-03T17:38:56Z,2026-06-03T17:39:54Z,8ba051a5,test(calculator): add 50 more tests,Tests,79357347345,completed,failure,21.0,Checkout code,completed,success,1.0,25507,2026-06-03T14:56:08.739992
26902192236,CI Pipeline,completed,failure,58.0,2026-06-03T17:38:56Z,2026-06-03T17:39:54Z,8ba051a5,test(calculator): add 50 more tests,Tests,79357347345,completed,failure,21.0,Setup .NET,completed,success,1.0,25507,2026-06-03T14:56:08.739999
26902192236,CI Pipeline,completed,failure,58.0,2026-06-03T17:38:56Z,2026-06-03T17:39:54Z,8ba051a5,test(calculator): add 50 more tests,Tests,79357347345,completed,failure,21.0,Restore dependencies,completed,success,1.0,25507,2026-06-03T14:56:08.740007
26902192236,CI Pipeline,completed,failure,58.0,2026-06-03T17:38:56Z,2026-06-03T17:39:54Z,8ba051a5,test(calculator): add 50 more tests,Tests,79357347345,completed,failure,21.0,Dotnet restore,completed,success,3.0,25507,2026-06-03T14:56:08.740013
26902192236,CI Pipeline,completed,failure,58.0,2026-06-03T17:38:56Z,2026-06-03T17:39:54Z,8ba051a5,test(calculator): add 50 more tests,Tests,79357347345,completed,failure,21.0,Run tests,completed,failure,9.0,25507,2026-06-03T14:56:08.740020
26902192236,CI Pipeline,completed,failure,58.0,2026-06-03T17:38:56Z,2026-06-03T17:39:54Z,8ba051a5,test(calculator): add 50 more tests,Tests,79357347345,completed,failure,21.0,Upload test results,completed,success,1.0,25507,2026-06-03T14:56:08.740027
26902192236,CI Pipeline,completed,failure,58.0,2026-06-03T17:38:56Z,2026-06-03T17:39:54Z,8ba051a5,test(calculator): add 50 more tests,Tests,79357347345,completed,failure,21.0,Upload code coverage,completed,success,1.0,25507,2026-06-03T14:56:08.740033
26902192236,CI Pipeline,completed,failure,58.0,2026-06-03T17:38:56Z,2026-06-03T17:39:54Z,8ba051a5,test(calculator): add 50 more tests,Tests,79357347345,completed,failure,21.0,Post Restore dependencies,completed,skipped,0.0,25507,2026-06-03T14:56:08.740040
26902192236,CI Pipeline,completed,failure,58.0,2026-06-03T17:38:56Z,2026-06-03T17:39:54Z,8ba051a5,test(calculator): add 50 more tests,Tests,79357347345,completed,failure,21.0,Post Setup .NET,completed,skipped,0.0,25507,2026-06-03T14:56:08.740047
26902192236,CI Pipeline,completed,failure,58.0,2026-06-03T17:38:56Z,2026-06-03T17:39:54Z,8ba051a5,test(calculator): add 50 more tests,Tests,79357347345,completed,failure,21.0,Post Checkout code,completed,success,0.0,25507,2026-06-03T14:56:08.740054
26902192236,CI Pipeline,completed,failure,58.0,2026-06-03T17:38:56Z,2026-06-03T17:39:54Z,8ba051a5,test(calculator): add 50 more tests,Tests,79357347345,completed,failure,21.0,Complete job,completed,success,0.0,25507,2026-06-03T14:56:08.740060
26902192236,CI Pipeline,completed,failure,58.0,2026-06-03T17:38:56Z,2026-06-03T17:39:54Z,8ba051a5,test(calculator): add 50 more tests,All Checks,79357422592,completed,failure,3.0,Set up job,completed,success,0.0,25507,2026-06-03T14:56:08.740079
26902192236,CI Pipeline,completed,failure,58.0,2026-06-03T17:38:56Z,2026-06-03T17:39:54Z,8ba051a5,test(calculator): add 50 more tests,All Checks,79357422592,completed,failure,3.0,Check all jobs status,completed,failure,0.0,25507,2026-06-03T14:56:08.740087
26902192236,CI Pipeline,completed,failure,58.0,2026-06-03T17:38:56Z,2026-06-03T17:39:54Z,8ba051a5,test(calculator): add 50 more tests,All Checks,79357422592,completed,failure,3.0,Complete job,completed,success,0.0,25507,2026-06-03T14:56:08.740094
26902155511,CI Pipeline,completed,failure,54.0,2026-06-03T17:38:13Z,2026-06-03T17:39:07Z,32332976,test(calculator): add 40 additional tests,Build,79357128263,completed,success,20.0,Set up job,completed,success,2.0,16787,2026-06-03T14:56:09.493153
26902155511,CI Pipeline,completed,failure,54.0,2026-06-03T17:38:13Z,2026-06-03T17:39:07Z,32332976,test(calculator): add 40 additional tests,Build,79357128263,completed,success,20.0,Checkout code,completed,success,0.0,16787,2026-06-03T14:56:09.493172
26902155511,CI Pipeline,completed,failure,54.0,2026-06-03T17:38:13Z,2026-06-03T17:39:07Z,32332976,test(calculator): add 40 additional tests,Build,79357128263,completed,success,20.0,Setup .NET,completed,success,2.0,16787,2026-06-03T14:56:09.493175
26902155511,CI Pipeline,completed,failure,54.0,2026-06-03T17:38:13Z,2026-06-03T17:39:07Z,32332976,test(calculator): add 40 additional tests,Build,79357128263,completed,success,20.0,Restore dependencies,completed,success,1.0,16787,2026-06-03T14:56:09.493179
26902155511,CI Pipeline,completed,failure,54.0,2026-06-03T17:38:13Z,2026-06-03T17:39:07Z,32332976,test(calculator): add 40 additional tests,Build,79357128263,completed,success,20.0,Dotnet restore,completed,success,6.0,16787,2026-06-03T14:56:09.493182
26902155511,CI Pipeline,completed,failure,54.0,2026-06-03T17:38:13Z,2026-06-03T17:39:07Z,32332976,test(calculator): add 40 additional tests,Build,79357128263,completed,success,20.0,Build project,completed,success,7.0,16787,2026-06-03T14:56:09.493185
26902155511,CI Pipeline,completed,failure,54.0,2026-06-03T17:38:13Z,2026-06-03T17:39:07Z,32332976,test(calculator): add 40 additional tests,Build,79357128263,completed,success,20.0,Post Restore dependencies,completed,success,0.0,16787,2026-06-03T14:56:09.493189
26902155511,CI Pipeline,completed,failure,54.0,2026-06-03T17:38:13Z,2026-06-03T17:39:07Z,32332976,test(calculator): add 40 additional tests,Build,79357128263,completed,success,20.0,Post Setup .NET,completed,success,0.0,16787,2026-06-03T14:56:09.493192
26902155511,CI Pipeline,completed,failure,54.0,2026-06-03T17:38:13Z,2026-06-03T17:39:07Z,32332976,test(calculator): add 40 additional tests,Build,79357128263,completed,success,20.0,Post Checkout code,completed,success,1.0,16787,2026-06-03T14:56:09.493213
26902155511,CI Pipeline,completed,failure,54.0,2026-06-03T17:38:13Z,2026-06-03T17:39:07Z,32332976,test(calculator): add 40 additional tests,Build,79357128263,completed,success,20.0,Complete job,completed,success,0.0,16787,2026-06-03T14:56:09.493217
26902155511,CI Pipeline,completed,failure,54.0,2026-06-03T17:38:13Z,2026-06-03T17:39:07Z,32332976,test(calculator): add 40 additional tests,Code Quality,79357128269,completed,success,26.0,Set up job,completed,success,2.0,16787,2026-06-03T14:56:09.493222
26902155511,CI Pipeline,completed,failure,54.0,2026-06-03T17:38:13Z,2026-06-03T17:39:07Z,32332976,test(calculator): add 40 additional tests,Code Quality,79357128269,completed,success,26.0,Checkout code,completed,success,1.0,16787,2026-06-03T14:56:09.493225
26902155511,CI Pipeline,completed,failure,54.0,2026-06-03T17:38:13Z,2026-06-03T17:39:07Z,32332976,test(calculator): add 40 additional tests,Code Quality,79357128269,completed,success,26.0,Setup .NET,completed,success,1.0,16787,2026-06-03T14:56:09.493229
26902155511,CI Pipeline,completed,failure,54.0,2026-06-03T17:38:13Z,2026-06-03T17:39:07Z,32332976,test(calculator): add 40 additional tests,Code Quality,79357128269,completed,success,26.0,Restore dependencies,completed,success,7.0,16787,2026-06-03T14:56:09.493231
26902155511,CI Pipeline,completed,failure,54.0,2026-06-03T17:38:13Z,2026-06-03T17:39:07Z,32332976,test(calculator): add 40 additional tests,Code Quality,79357128269,completed,success,26.0,Verify code formatting,completed,success,13.0,16787,2026-06-03T14:56:09.493235
26902155511,CI Pipeline,completed,failure,54.0,2026-06-03T17:38:13Z,2026-06-03T17:39:07Z,32332976,test(calculator): add 40 additional tests,Code Quality,79357128269,completed,success,26.0,Post Setup .NET,completed,success,0.0,16787,2026-06-03T14:56:09.493238
26902155511,CI Pipeline,completed,failure,54.0,2026-06-03T17:38:13Z,2026-06-03T17:39:07Z,32332976,test(calculator): add 40 additional tests,Code Quality,79357128269,completed,success,26.0,Post Checkout code,completed,success,1.0,16787,2026-06-03T14:56:09.493241
26902155511,CI Pipeline,completed,failure,54.0,2026-06-03T17:38:13Z,2026-06-03T17:39:07Z,32332976,test(calculator): add 40 additional tests,Code Quality,79357128269,completed,success,26.0,Complete job,completed,success,0.0,16787,2026-06-03T14:56:09.493244
26902155511,CI Pipeline,completed,failure,54.0,2026-06-03T17:38:13Z,2026-06-03T17:39:07Z,32332976,test(calculator): add 40 additional tests,Tests,79357197596,completed,failure,22.0,Set up job,completed,success,2.0,16787,2026-06-03T14:56:09.493248
26902155511,CI Pipeline,completed,failure,54.0,2026-06-03T17:38:13Z,2026-06-03T17:39:07Z,32332976,test(calculator): add 40 additional tests,Tests,79357197596,completed,failure,22.0,Checkout code,completed,success,1.0,16787,2026-06-03T14:56:09.493251
26902155511,CI Pipeline,completed,failure,54.0,2026-06-03T17:38:13Z,2026-06-03T17:39:07Z,32332976,test(calculator): add 40 additional tests,Tests,79357197596,completed,failure,22.0,Setup .NET,completed,success,1.0,16787,2026-06-03T14:56:09.493254
26902155511,CI Pipeline,completed,failure,54.0,2026-06-03T17:38:13Z,2026-06-03T17:39:07Z,32332976,test(calculator): add 40 additional tests,Tests,79357197596,completed,failure,22.0,Restore dependencies,completed,success,2.0,16787,2026-06-03T14:56:09.493257
26902155511,CI Pipeline,completed,failure,54.0,2026-06-03T17:38:13Z,2026-06-03T17:39:07Z,32332976,test(calculator): add 40 additional tests,Tests,79357197596,completed,failure,22.0,Dotnet restore,completed,success,3.0,16787,2026-06-03T14:56:09.493260
26902155511,CI Pipeline,completed,failure,54.0,2026-06-03T17:38:13Z,2026-06-03T17:39:07Z,32332976,test(calculator): add 40 additional tests,Tests,79357197596,completed,failure,22.0,Run tests,completed,failure,7.0,16787,2026-06-03T14:56:09.493271
26902155511,CI Pipeline,completed,failure,54.0,2026-06-03T17:38:13Z,2026-06-03T17:39:07Z,32332976,test(calculator): add 40 additional tests,Tests,79357197596,completed,failure,22.0,Upload test results,completed,success,2.0,16787,2026-06-03T14:56:09.493275
26902155511,CI Pipeline,completed,failure,54.0,2026-06-03T17:38:13Z,2026-06-03T17:39:07Z,32332976,test(calculator): add 40 additional tests,Tests,79357197596,completed,failure,22.0,Upload code coverage,completed,success,1.0,16787,2026-06-03T14:56:09.493278
26902155511,CI Pipeline,completed,failure,54.0,2026-06-03T17:38:13Z,2026-06-03T17:39:07Z,32332976,test(calculator): add 40 additional tests,Tests,79357197596,completed,failure,22.0,Post Restore dependencies,completed,skipped,0.0,16787,2026-06-03T14:56:09.493281
26902155511,CI Pipeline,completed,failure,54.0,2026-06-03T17:38:13Z,2026-06-03T17:39:07Z,32332976,test(calculator): add 40 additional tests,Tests,79357197596,completed,failure,22.0,Post Setup .NET,completed,skipped,0.0,16787,2026-06-03T14:56:09.493284
26902155511,CI Pipeline,completed,failure,54.0,2026-06-03T17:38:13Z,2026-06-03T17:39:07Z,32332976,test(calculator): add 40 additional tests,Tests,79357197596,completed,failure,22.0,Post Checkout code,completed,success,0.0,16787,2026-06-03T14:56:09.493287
26902155511,CI Pipeline,completed,failure,54.0,2026-06-03T17:38:13Z,2026-06-03T17:39:07Z,32332976,test(calculator): add 40 additional tests,Tests,79357197596,completed,failure,22.0,Complete job,completed,success,0.0,16787,2026-06-03T14:56:09.493290
26902155511,CI Pipeline,completed,failure,54.0,2026-06-03T17:38:13Z,2026-06-03T17:39:07Z,32332976,test(calculator): add 40 additional tests,All Checks,79357278592,completed,failure,3.0,Set up job,completed,success,0.0,16787,2026-06-03T14:56:09.493295
26902155511,CI Pipeline,completed,failure,54.0,2026-06-03T17:38:13Z,2026-06-03T17:39:07Z,32332976,test(calculator): add 40 additional tests,All Checks,79357278592,completed,failure,3.0,Check all jobs status,completed,failure,0.0,16787,2026-06-03T14:56:09.493298
26902155511,CI Pipeline,completed,failure,54.0,2026-06-03T17:38:13Z,2026-06-03T17:39:07Z,32332976,test(calculator): add 40 additional tests,All Checks,79357278592,completed,failure,3.0,Complete job,completed,success,0.0,16787,2026-06-03T14:56:09.493301
26902008894,CI Pipeline,completed,failure,40.0,2026-06-03T17:35:28Z,2026-06-03T17:36:08Z,b88c34be,build: introduce build failure,Code Quality,79356611682,completed,failure,31.0,Set up job,completed,success,1.0,0,2026-06-03T14:56:10.307830
26902008894,CI Pipeline,completed,failure,40.0,2026-06-03T17:35:28Z,2026-06-03T17:36:08Z,b88c34be,build: introduce build failure,Code Quality,79356611682,completed,failure,31.0,Checkout code,completed,success,1.0,0,2026-06-03T14:56:10.307856
26902008894,CI Pipeline,completed,failure,40.0,2026-06-03T17:35:28Z,2026-06-03T17:36:08Z,b88c34be,build: introduce build failure,Code Quality,79356611682,completed,failure,31.0,Setup .NET,completed,success,0.0,0,2026-06-03T14:56:10.307861
26902008894,CI Pipeline,completed,failure,40.0,2026-06-03T17:35:28Z,2026-06-03T17:36:08Z,b88c34be,build: introduce build failure,Code Quality,79356611682,completed,failure,31.0,Restore dependencies,completed,success,9.0,0,2026-06-03T14:56:10.307865
26902008894,CI Pipeline,completed,failure,40.0,2026-06-03T17:35:28Z,2026-06-03T17:36:08Z,b88c34be,build: introduce build failure,Code Quality,79356611682,completed,failure,31.0,Verify code formatting,completed,failure,17.0,0,2026-06-03T14:56:10.307869
26902008894,CI Pipeline,completed,failure,40.0,2026-06-03T17:35:28Z,2026-06-03T17:36:08Z,b88c34be,build: introduce build failure,Code Quality,79356611682,completed,failure,31.0,Post Setup .NET,completed,skipped,0.0,0,2026-06-03T14:56:10.307873
26902008894,CI Pipeline,completed,failure,40.0,2026-06-03T17:35:28Z,2026-06-03T17:36:08Z,b88c34be,build: introduce build failure,Code Quality,79356611682,completed,failure,31.0,Post Checkout code,completed,success,1.0,0,2026-06-03T14:56:10.307877
26902008894,CI Pipeline,completed,failure,40.0,2026-06-03T17:35:28Z,2026-06-03T17:36:08Z,b88c34be,build: introduce build failure,Code Quality,79356611682,completed,failure,31.0,Complete job,completed,success,0.0,0,2026-06-03T14:56:10.307881
26902008894,CI Pipeline,completed,failure,40.0,2026-06-03T17:35:28Z,2026-06-03T17:36:08Z,b88c34be,build: introduce build failure,Build,79356611697,completed,failure,19.0,Set up job,completed,success,2.0,0,2026-06-03T14:56:10.307887
26902008894,CI Pipeline,completed,failure,40.0,2026-06-03T17:35:28Z,2026-06-03T17:36:08Z,b88c34be,build: introduce build failure,Build,79356611697,completed,failure,19.0,Checkout code,completed,success,0.0,0,2026-06-03T14:56:10.307891
26902008894,CI Pipeline,completed,failure,40.0,2026-06-03T17:35:28Z,2026-06-03T17:36:08Z,b88c34be,build: introduce build failure,Build,79356611697,completed,failure,19.0,Setup .NET,completed,success,1.0,0,2026-06-03T14:56:10.307895
26902008894,CI Pipeline,completed,failure,40.0,2026-06-03T17:35:28Z,2026-06-03T17:36:08Z,b88c34be,build: introduce build failure,Build,79356611697,completed,failure,19.0,Restore dependencies,completed,success,1.0,0,2026-06-03T14:56:10.307898
26902008894,CI Pipeline,completed,failure,40.0,2026-06-03T17:35:28Z,2026-06-03T17:36:08Z,b88c34be,build: introduce build failure,Build,79356611697,completed,failure,19.0,Dotnet restore,completed,success,8.0,0,2026-06-03T14:56:10.307902
26902008894,CI Pipeline,completed,failure,40.0,2026-06-03T17:35:28Z,2026-06-03T17:36:08Z,b88c34be,build: introduce build failure,Build,79356611697,completed,failure,19.0,Build project,completed,failure,5.0,0,2026-06-03T14:56:10.307906
26902008894,CI Pipeline,completed,failure,40.0,2026-06-03T17:35:28Z,2026-06-03T17:36:08Z,b88c34be,build: introduce build failure,Build,79356611697,completed,failure,19.0,Post Restore dependencies,completed,skipped,0.0,0,2026-06-03T14:56:10.307910
26902008894,CI Pipeline,completed,failure,40.0,2026-06-03T17:35:28Z,2026-06-03T17:36:08Z,b88c34be,build: introduce build failure,Build,79356611697,completed,failure,19.0,Post Setup .NET,completed,skipped,0.0,0,2026-06-03T14:56:10.307936
26902008894,CI Pipeline,completed,failure,40.0,2026-06-03T17:35:28Z,2026-06-03T17:36:08Z,b88c34be,build: introduce build failure,Build,79356611697,completed,failure,19.0,Post Checkout code,completed,success,1.0,0,2026-06-03T14:56:10.307940
26902008894,CI Pipeline,completed,failure,40.0,2026-06-03T17:35:28Z,2026-06-03T17:36:08Z,b88c34be,build: introduce build failure,Build,79356611697,completed,failure,19.0,Complete job,completed,success,0.0,0,2026-06-03T14:56:10.307943
26902008894,CI Pipeline,completed,failure,40.0,2026-06-03T17:35:28Z,2026-06-03T17:36:08Z,b88c34be,build: introduce build failure,Tests,79356679416,completed,skipped,-1.0,N/A,N/A,N/A,0.0,0,2026-06-03T14:56:10.307948
26902008894,CI Pipeline,completed,failure,40.0,2026-06-03T17:35:28Z,2026-06-03T17:36:08Z,b88c34be,build: introduce build failure,All Checks,79356711414,completed,failure,4.0,Set up job,completed,success,0.0,0,2026-06-03T14:56:10.307970
26902008894,CI Pipeline,completed,failure,40.0,2026-06-03T17:35:28Z,2026-06-03T17:36:08Z,b88c34be,build: introduce build failure,All Checks,79356711414,completed,failure,4.0,Check all jobs status,completed,failure,1.0,0,2026-06-03T14:56:10.307974
26902008894,CI Pipeline,completed,failure,40.0,2026-06-03T17:35:28Z,2026-06-03T17:36:08Z,b88c34be,build: introduce build failure,All Checks,79356711414,completed,failure,4.0,Complete job,completed,success,0.0,0,2026-06-03T14:56:10.307978
26901978571,CI Pipeline,completed,failure,57.0,2026-06-03T17:34:54Z,2026-06-03T17:35:51Z,007bd12e,style: introduce lint failure,Build,79356504980,completed,success,18.0,Set up job,completed,success,2.0,12306,2026-06-03T14:56:11.146641
26901978571,CI Pipeline,completed,failure,57.0,2026-06-03T17:34:54Z,2026-06-03T17:35:51Z,007bd12e,style: introduce lint failure,Build,79356504980,completed,success,18.0,Checkout code,completed,success,1.0,12306,2026-06-03T14:56:11.146651
26901978571,CI Pipeline,completed,failure,57.0,2026-06-03T17:34:54Z,2026-06-03T17:35:51Z,007bd12e,style: introduce lint failure,Build,79356504980,completed,success,18.0,Setup .NET,completed,success,1.0,12306,2026-06-03T14:56:11.146654
26901978571,CI Pipeline,completed,failure,57.0,2026-06-03T17:34:54Z,2026-06-03T17:35:51Z,007bd12e,style: introduce lint failure,Build,79356504980,completed,success,18.0,Restore dependencies,completed,success,1.0,12306,2026-06-03T14:56:11.146657
26901978571,CI Pipeline,completed,failure,57.0,2026-06-03T17:34:54Z,2026-06-03T17:35:51Z,007bd12e,style: introduce lint failure,Build,79356504980,completed,success,18.0,Dotnet restore,completed,success,3.0,12306,2026-06-03T14:56:11.146659
26901978571,CI Pipeline,completed,failure,57.0,2026-06-03T17:34:54Z,2026-06-03T17:35:51Z,007bd12e,style: introduce lint failure,Build,79356504980,completed,success,18.0,Build project,completed,success,7.0,12306,2026-06-03T14:56:11.146661
26901978571,CI Pipeline,completed,failure,57.0,2026-06-03T17:34:54Z,2026-06-03T17:35:51Z,007bd12e,style: introduce lint failure,Build,79356504980,completed,success,18.0,Post Restore dependencies,completed,success,0.0,12306,2026-06-03T14:56:11.146663
26901978571,CI Pipeline,completed,failure,57.0,2026-06-03T17:34:54Z,2026-06-03T17:35:51Z,007bd12e,style: introduce lint failure,Build,79356504980,completed,success,18.0,Post Setup .NET,completed,success,0.0,12306,2026-06-03T14:56:11.146665
26901978571,CI Pipeline,completed,failure,57.0,2026-06-03T17:34:54Z,2026-06-03T17:35:51Z,007bd12e,style: introduce lint failure,Build,79356504980,completed,success,18.0,Post Checkout code,completed,success,1.0,12306,2026-06-03T14:56:11.146668
26901978571,CI Pipeline,completed,failure,57.0,2026-06-03T17:34:54Z,2026-06-03T17:35:51Z,007bd12e,style: introduce lint failure,Build,79356504980,completed,success,18.0,Complete job,completed,success,0.0,12306,2026-06-03T14:56:11.146670
26901978571,CI Pipeline,completed,failure,57.0,2026-06-03T17:34:54Z,2026-06-03T17:35:51Z,007bd12e,style: introduce lint failure,Code Quality,79356504985,completed,failure,27.0,Set up job,completed,success,1.0,12306,2026-06-03T14:56:11.146673
26901978571,CI Pipeline,completed,failure,57.0,2026-06-03T17:34:54Z,2026-06-03T17:35:51Z,007bd12e,style: introduce lint failure,Code Quality,79356504985,completed,failure,27.0,Checkout code,completed,success,0.0,12306,2026-06-03T14:56:11.146675
26901978571,CI Pipeline,completed,failure,57.0,2026-06-03T17:34:54Z,2026-06-03T17:35:51Z,007bd12e,style: introduce lint failure,Code Quality,79356504985,completed,failure,27.0,Setup .NET,completed,success,1.0,12306,2026-06-03T14:56:11.146677
26901978571,CI Pipeline,completed,failure,57.0,2026-06-03T17:34:54Z,2026-06-03T17:35:51Z,007bd12e,style: introduce lint failure,Code Quality,79356504985,completed,failure,27.0,Restore dependencies,completed,success,4.0,12306,2026-06-03T14:56:11.146679
26901978571,CI Pipeline,completed,failure,57.0,2026-06-03T17:34:54Z,2026-06-03T17:35:51Z,007bd12e,style: introduce lint failure,Code Quality,79356504985,completed,failure,27.0,Verify code formatting,completed,failure,18.0,12306,2026-06-03T14:56:11.146681
26901978571,CI Pipeline,completed,failure,57.0,2026-06-03T17:34:54Z,2026-06-03T17:35:51Z,007bd12e,style: introduce lint failure,Code Quality,79356504985,completed,failure,27.0,Post Setup .NET,completed,skipped,0.0,12306,2026-06-03T14:56:11.146683
26901978571,CI Pipeline,completed,failure,57.0,2026-06-03T17:34:54Z,2026-06-03T17:35:51Z,007bd12e,style: introduce lint failure,Code Quality,79356504985,completed,failure,27.0,Post Checkout code,completed,success,0.0,12306,2026-06-03T14:56:11.146685
26901978571,CI Pipeline,completed,failure,57.0,2026-06-03T17:34:54Z,2026-06-03T17:35:51Z,007bd12e,style: introduce lint failure,Code Quality,79356504985,completed,failure,27.0,Complete job,completed,success,0.0,12306,2026-06-03T14:56:11.146687
26901978571,CI Pipeline,completed,failure,57.0,2026-06-03T17:34:54Z,2026-06-03T17:35:51Z,007bd12e,style: introduce lint failure,Tests,79356568868,completed,failure,27.0,Set up job,completed,success,1.0,12306,2026-06-03T14:56:11.146699
26901978571,CI Pipeline,completed,failure,57.0,2026-06-03T17:34:54Z,2026-06-03T17:35:51Z,007bd12e,style: introduce lint failure,Tests,79356568868,completed,failure,27.0,Checkout code,completed,success,1.0,12306,2026-06-03T14:56:11.146701
26901978571,CI Pipeline,completed,failure,57.0,2026-06-03T17:34:54Z,2026-06-03T17:35:51Z,007bd12e,style: introduce lint failure,Tests,79356568868,completed,failure,27.0,Setup .NET,completed,success,1.0,12306,2026-06-03T14:56:11.146703
26901978571,CI Pipeline,completed,failure,57.0,2026-06-03T17:34:54Z,2026-06-03T17:35:51Z,007bd12e,style: introduce lint failure,Tests,79356568868,completed,failure,27.0,Restore dependencies,completed,success,1.0,12306,2026-06-03T14:56:11.146706
26901978571,CI Pipeline,completed,failure,57.0,2026-06-03T17:34:54Z,2026-06-03T17:35:51Z,007bd12e,style: introduce lint failure,Tests,79356568868,completed,failure,27.0,Dotnet restore,completed,success,8.0,12306,2026-06-03T14:56:11.146708
26901978571,CI Pipeline,completed,failure,57.0,2026-06-03T17:34:54Z,2026-06-03T17:35:51Z,007bd12e,style: introduce lint failure,Tests,79356568868,completed,failure,27.0,Run tests,completed,failure,12.0,12306,2026-06-03T14:56:11.146710
26901978571,CI Pipeline,completed,failure,57.0,2026-06-03T17:34:54Z,2026-06-03T17:35:51Z,007bd12e,style: introduce lint failure,Tests,79356568868,completed,failure,27.0,Upload test results,completed,success,0.0,12306,2026-06-03T14:56:11.146712
26901978571,CI Pipeline,completed,failure,57.0,2026-06-03T17:34:54Z,2026-06-03T17:35:51Z,007bd12e,style: introduce lint failure,Tests,79356568868,completed,failure,27.0,Upload code coverage,completed,success,1.0,12306,2026-06-03T14:56:11.146714
26901978571,CI Pipeline,completed,failure,57.0,2026-06-03T17:34:54Z,2026-06-03T17:35:51Z,007bd12e,style: introduce lint failure,Tests,79356568868,completed,failure,27.0,Post Restore dependencies,completed,skipped,0.0,12306,2026-06-03T14:56:11.146717
26901978571,CI Pipeline,completed,failure,57.0,2026-06-03T17:34:54Z,2026-06-03T17:35:51Z,007bd12e,style: introduce lint failure,Tests,79356568868,completed,failure,27.0,Post Setup .NET,completed,skipped,0.0,12306,2026-06-03T14:56:11.146719
26901978571,CI Pipeline,completed,failure,57.0,2026-06-03T17:34:54Z,2026-06-03T17:35:51Z,007bd12e,style: introduce lint failure,Tests,79356568868,completed,failure,27.0,Post Checkout code,completed,success,0.0,12306,2026-06-03T14:56:11.146721
26901978571,CI Pipeline,completed,failure,57.0,2026-06-03T17:34:54Z,2026-06-03T17:35:51Z,007bd12e,style: introduce lint failure,Tests,79356568868,completed,failure,27.0,Complete job,completed,success,0.0,12306,2026-06-03T14:56:11.146723
26901978571,CI Pipeline,completed,failure,57.0,2026-06-03T17:34:54Z,2026-06-03T17:35:51Z,007bd12e,style: introduce lint failure,All Checks,79356660606,completed,failure,3.0,Set up job,completed,success,0.0,12306,2026-06-03T14:56:11.146726
26901978571,CI Pipeline,completed,failure,57.0,2026-06-03T17:34:54Z,2026-06-03T17:35:51Z,007bd12e,style: introduce lint failure,All Checks,79356660606,completed,failure,3.0,Check all jobs status,completed,failure,0.0,12306,2026-06-03T14:56:11.146728
26901978571,CI Pipeline,completed,failure,57.0,2026-06-03T17:34:54Z,2026-06-03T17:35:51Z,007bd12e,style: introduce lint failure,All Checks,79356660606,completed,failure,3.0,Complete job,completed,success,0.0,12306,2026-06-03T14:56:11.146730
26901781882,CI Pipeline,completed,failure,50.0,2026-06-03T17:31:17Z,2026-06-03T17:32:07Z,14461157,introduce failing test,Build,79355816525,completed,success,21.0,Set up job,completed,success,1.0,12300,2026-06-03T14:56:11.926171
26901781882,CI Pipeline,completed,failure,50.0,2026-06-03T17:31:17Z,2026-06-03T17:32:07Z,14461157,introduce failing test,Build,79355816525,completed,success,21.0,Checkout code,completed,success,1.0,12300,2026-06-03T14:56:11.926190
26901781882,CI Pipeline,completed,failure,50.0,2026-06-03T17:31:17Z,2026-06-03T17:32:07Z,14461157,introduce failing test,Build,79355816525,completed,success,21.0,Setup .NET,completed,success,1.0,12300,2026-06-03T14:56:11.926194
26901781882,CI Pipeline,completed,failure,50.0,2026-06-03T17:31:17Z,2026-06-03T17:32:07Z,14461157,introduce failing test,Build,79355816525,completed,success,21.0,Restore dependencies,completed,success,1.0,12300,2026-06-03T14:56:11.926197
26901781882,CI Pipeline,completed,failure,50.0,2026-06-03T17:31:17Z,2026-06-03T17:32:07Z,14461157,introduce failing test,Build,79355816525,completed,success,21.0,Dotnet restore,completed,success,6.0,12300,2026-06-03T14:56:11.926201
26901781882,CI Pipeline,completed,failure,50.0,2026-06-03T17:31:17Z,2026-06-03T17:32:07Z,14461157,introduce failing test,Build,79355816525,completed,success,21.0,Build project,completed,success,7.0,12300,2026-06-03T14:56:11.926204
26901781882,CI Pipeline,completed,failure,50.0,2026-06-03T17:31:17Z,2026-06-03T17:32:07Z,14461157,introduce failing test,Build,79355816525,completed,success,21.0,Post Restore dependencies,completed,success,1.0,12300,2026-06-03T14:56:11.926206
26901781882,CI Pipeline,completed,failure,50.0,2026-06-03T17:31:17Z,2026-06-03T17:32:07Z,14461157,introduce failing test,Build,79355816525,completed,success,21.0,Post Setup .NET,completed,success,0.0,12300,2026-06-03T14:56:11.926209
26901781882,CI Pipeline,completed,failure,50.0,2026-06-03T17:31:17Z,2026-06-03T17:32:07Z,14461157,introduce failing test,Build,79355816525,completed,success,21.0,Post Checkout code,completed,success,0.0,12300,2026-06-03T14:56:11.926212
26901781882,CI Pipeline,completed,failure,50.0,2026-06-03T17:31:17Z,2026-06-03T17:32:07Z,14461157,introduce failing test,Build,79355816525,completed,success,21.0,Complete job,completed,success,0.0,12300,2026-06-03T14:56:11.926215
26901781882,CI Pipeline,completed,failure,50.0,2026-06-03T17:31:17Z,2026-06-03T17:32:07Z,14461157,introduce failing test,Code Quality,79355816539,completed,success,27.0,Set up job,completed,success,1.0,12300,2026-06-03T14:56:11.926226
26901781882,CI Pipeline,completed,failure,50.0,2026-06-03T17:31:17Z,2026-06-03T17:32:07Z,14461157,introduce failing test,Code Quality,79355816539,completed,success,27.0,Checkout code,completed,success,1.0,12300,2026-06-03T14:56:11.926229
26901781882,CI Pipeline,completed,failure,50.0,2026-06-03T17:31:17Z,2026-06-03T17:32:07Z,14461157,introduce failing test,Code Quality,79355816539,completed,success,27.0,Setup .NET,completed,success,1.0,12300,2026-06-03T14:56:11.926244
26901781882,CI Pipeline,completed,failure,50.0,2026-06-03T17:31:17Z,2026-06-03T17:32:07Z,14461157,introduce failing test,Code Quality,79355816539,completed,success,27.0,Restore dependencies,completed,success,9.0,12300,2026-06-03T14:56:11.926247
26901781882,CI Pipeline,completed,failure,50.0,2026-06-03T17:31:17Z,2026-06-03T17:32:07Z,14461157,introduce failing test,Code Quality,79355816539,completed,success,27.0,Verify code formatting,completed,success,13.0,12300,2026-06-03T14:56:11.926250
26901781882,CI Pipeline,completed,failure,50.0,2026-06-03T17:31:17Z,2026-06-03T17:32:07Z,14461157,introduce failing test,Code Quality,79355816539,completed,success,27.0,Post Setup .NET,completed,success,0.0,12300,2026-06-03T14:56:11.926253
26901781882,CI Pipeline,completed,failure,50.0,2026-06-03T17:31:17Z,2026-06-03T17:32:07Z,14461157,introduce failing test,Code Quality,79355816539,completed,success,27.0,Post Checkout code,completed,success,0.0,12300,2026-06-03T14:56:11.926256
26901781882,CI Pipeline,completed,failure,50.0,2026-06-03T17:31:17Z,2026-06-03T17:32:07Z,14461157,introduce failing test,Code Quality,79355816539,completed,success,27.0,Complete job,completed,success,0.0,12300,2026-06-03T14:56:11.926259
26901781882,CI Pipeline,completed,failure,50.0,2026-06-03T17:31:17Z,2026-06-03T17:32:07Z,14461157,introduce failing test,Tests,79355887152,completed,failure,20.0,Set up job,completed,success,1.0,12300,2026-06-03T14:56:11.926262
26901781882,CI Pipeline,completed,failure,50.0,2026-06-03T17:31:17Z,2026-06-03T17:32:07Z,14461157,introduce failing test,Tests,79355887152,completed,failure,20.0,Checkout code,completed,success,1.0,12300,2026-06-03T14:56:11.926265
26901781882,CI Pipeline,completed,failure,50.0,2026-06-03T17:31:17Z,2026-06-03T17:32:07Z,14461157,introduce failing test,Tests,79355887152,completed,failure,20.0,Setup .NET,completed,success,1.0,12300,2026-06-03T14:56:11.926268
26901781882,CI Pipeline,completed,failure,50.0,2026-06-03T17:31:17Z,2026-06-03T17:32:07Z,14461157,introduce failing test,Tests,79355887152,completed,failure,20.0,Restore dependencies,completed,success,1.0,12300,2026-06-03T14:56:11.926270
26901781882,CI Pipeline,completed,failure,50.0,2026-06-03T17:31:17Z,2026-06-03T17:32:07Z,14461157,introduce failing test,Tests,79355887152,completed,failure,20.0,Dotnet restore,completed,success,2.0,12300,2026-06-03T14:56:11.926273
26901781882,CI Pipeline,completed,failure,50.0,2026-06-03T17:31:17Z,2026-06-03T17:32:07Z,14461157,introduce failing test,Tests,79355887152,completed,failure,20.0,Run tests,completed,failure,9.0,12300,2026-06-03T14:56:11.926276
26901781882,CI Pipeline,completed,failure,50.0,2026-06-03T17:31:17Z,2026-06-03T17:32:07Z,14461157,introduce failing test,Tests,79355887152,completed,failure,20.0,Upload test results,completed,success,1.0,12300,2026-06-03T14:56:11.926279
26901781882,CI Pipeline,completed,failure,50.0,2026-06-03T17:31:17Z,2026-06-03T17:32:07Z,14461157,introduce failing test,Tests,79355887152,completed,failure,20.0,Upload code coverage,completed,success,1.0,12300,2026-06-03T14:56:11.926282
26901781882,CI Pipeline,completed,failure,50.0,2026-06-03T17:31:17Z,2026-06-03T17:32:07Z,14461157,introduce failing test,Tests,79355887152,completed,failure,20.0,Post Restore dependencies,completed,skipped,0.0,12300,2026-06-03T14:56:11.926285
26901781882,CI Pipeline,completed,failure,50.0,2026-06-03T17:31:17Z,2026-06-03T17:32:07Z,14461157,introduce failing test,Tests,79355887152,completed,failure,20.0,Post Setup .NET,completed,skipped,0.0,12300,2026-06-03T14:56:11.926288
26901781882,CI Pipeline,completed,failure,50.0,2026-06-03T17:31:17Z,2026-06-03T17:32:07Z,14461157,introduce failing test,Tests,79355887152,completed,failure,20.0,Post Checkout code,completed,success,0.0,12300,2026-06-03T14:56:11.926291
26901781882,CI Pipeline,completed,failure,50.0,2026-06-03T17:31:17Z,2026-06-03T17:32:07Z,14461157,introduce failing test,Tests,79355887152,completed,failure,20.0,Complete job,completed,success,0.0,12300,2026-06-03T14:56:11.926294
26901781882,CI Pipeline,completed,failure,50.0,2026-06-03T17:31:17Z,2026-06-03T17:32:07Z,14461157,introduce failing test,All Checks,79355958169,completed,failure,2.0,Set up job,completed,success,0.0,12300,2026-06-03T14:56:11.926297
26901781882,CI Pipeline,completed,failure,50.0,2026-06-03T17:31:17Z,2026-06-03T17:32:07Z,14461157,introduce failing test,All Checks,79355958169,completed,failure,2.0,Check all jobs status,completed,failure,1.0,12300,2026-06-03T14:56:11.926300
26901781882,CI Pipeline,completed,failure,50.0,2026-06-03T17:31:17Z,2026-06-03T17:32:07Z,14461157,introduce failing test,All Checks,79355958169,completed,failure,2.0,Complete job,completed,success,0.0,12300,2026-06-03T14:56:11.926303
26901753716,CI Pipeline,completed,success,57.0,2026-06-03T17:30:45Z,2026-06-03T17:31:42Z,4294065c,baseline run 3,Build,79355716931,completed,success,14.0,Set up job,completed,success,2.0,11931,2026-06-03T14:56:12.654238
26901753716,CI Pipeline,completed,success,57.0,2026-06-03T17:30:45Z,2026-06-03T17:31:42Z,4294065c,baseline run 3,Build,79355716931,completed,success,14.0,Checkout code,completed,success,0.0,11931,2026-06-03T14:56:12.654255
26901753716,CI Pipeline,completed,success,57.0,2026-06-03T17:30:45Z,2026-06-03T17:31:42Z,4294065c,baseline run 3,Build,79355716931,completed,success,14.0,Setup .NET,completed,success,1.0,11931,2026-06-03T14:56:12.654260
26901753716,CI Pipeline,completed,success,57.0,2026-06-03T17:30:45Z,2026-06-03T17:31:42Z,4294065c,baseline run 3,Build,79355716931,completed,success,14.0,Restore dependencies,completed,success,1.0,11931,2026-06-03T14:56:12.654263
26901753716,CI Pipeline,completed,success,57.0,2026-06-03T17:30:45Z,2026-06-03T17:31:42Z,4294065c,baseline run 3,Build,79355716931,completed,success,14.0,Dotnet restore,completed,success,3.0,11931,2026-06-03T14:56:12.654267
26901753716,CI Pipeline,completed,success,57.0,2026-06-03T17:30:45Z,2026-06-03T17:31:42Z,4294065c,baseline run 3,Build,79355716931,completed,success,14.0,Build project,completed,success,5.0,11931,2026-06-03T14:56:12.654270
26901753716,CI Pipeline,completed,success,57.0,2026-06-03T17:30:45Z,2026-06-03T17:31:42Z,4294065c,baseline run 3,Build,79355716931,completed,success,14.0,Post Restore dependencies,completed,success,0.0,11931,2026-06-03T14:56:12.654273
26901753716,CI Pipeline,completed,success,57.0,2026-06-03T17:30:45Z,2026-06-03T17:31:42Z,4294065c,baseline run 3,Build,79355716931,completed,success,14.0,Post Setup .NET,completed,success,0.0,11931,2026-06-03T14:56:12.654277
26901753716,CI Pipeline,completed,success,57.0,2026-06-03T17:30:45Z,2026-06-03T17:31:42Z,4294065c,baseline run 3,Build,79355716931,completed,success,14.0,Post Checkout code,completed,success,0.0,11931,2026-06-03T14:56:12.654281
26901753716,CI Pipeline,completed,success,57.0,2026-06-03T17:30:45Z,2026-06-03T17:31:42Z,4294065c,baseline run 3,Build,79355716931,completed,success,14.0,Complete job,completed,success,1.0,11931,2026-06-03T14:56:12.654284
26901753716,CI Pipeline,completed,success,57.0,2026-06-03T17:30:45Z,2026-06-03T17:31:42Z,4294065c,baseline run 3,Code Quality,79355717124,completed,success,27.0,Set up job,completed,success,1.0,11931,2026-06-03T14:56:12.654289
26901753716,CI Pipeline,completed,success,57.0,2026-06-03T17:30:45Z,2026-06-03T17:31:42Z,4294065c,baseline run 3,Code Quality,79355717124,completed,success,27.0,Checkout code,completed,success,1.0,11931,2026-06-03T14:56:12.654293
26901753716,CI Pipeline,completed,success,57.0,2026-06-03T17:30:45Z,2026-06-03T17:31:42Z,4294065c,baseline run 3,Code Quality,79355717124,completed,success,27.0,Setup .NET,completed,success,1.0,11931,2026-06-03T14:56:12.654296
26901753716,CI Pipeline,completed,success,57.0,2026-06-03T17:30:45Z,2026-06-03T17:31:42Z,4294065c,baseline run 3,Code Quality,79355717124,completed,success,27.0,Restore dependencies,completed,success,7.0,11931,2026-06-03T14:56:12.654299
26901753716,CI Pipeline,completed,success,57.0,2026-06-03T17:30:45Z,2026-06-03T17:31:42Z,4294065c,baseline run 3,Code Quality,79355717124,completed,success,27.0,Verify code formatting,completed,success,15.0,11931,2026-06-03T14:56:12.654302
26901753716,CI Pipeline,completed,success,57.0,2026-06-03T17:30:45Z,2026-06-03T17:31:42Z,4294065c,baseline run 3,Code Quality,79355717124,completed,success,27.0,Post Setup .NET,completed,success,0.0,11931,2026-06-03T14:56:12.654306
26901753716,CI Pipeline,completed,success,57.0,2026-06-03T17:30:45Z,2026-06-03T17:31:42Z,4294065c,baseline run 3,Code Quality,79355717124,completed,success,27.0,Post Checkout code,completed,success,0.0,11931,2026-06-03T14:56:12.654309
26901753716,CI Pipeline,completed,success,57.0,2026-06-03T17:30:45Z,2026-06-03T17:31:42Z,4294065c,baseline run 3,Code Quality,79355717124,completed,success,27.0,Complete job,completed,success,0.0,11931,2026-06-03T14:56:12.654312
26901753716,CI Pipeline,completed,success,57.0,2026-06-03T17:30:45Z,2026-06-03T17:31:42Z,4294065c,baseline run 3,Tests,79355768342,completed,success,32.0,Set up job,completed,success,3.0,11931,2026-06-03T14:56:12.654316
26901753716,CI Pipeline,completed,success,57.0,2026-06-03T17:30:45Z,2026-06-03T17:31:42Z,4294065c,baseline run 3,Tests,79355768342,completed,success,32.0,Checkout code,completed,success,1.0,11931,2026-06-03T14:56:12.654319
26901753716,CI Pipeline,completed,success,57.0,2026-06-03T17:30:45Z,2026-06-03T17:31:42Z,4294065c,baseline run 3,Tests,79355768342,completed,success,32.0,Setup .NET,completed,success,1.0,11931,2026-06-03T14:56:12.654323
26901753716,CI Pipeline,completed,success,57.0,2026-06-03T17:30:45Z,2026-06-03T17:31:42Z,4294065c,baseline run 3,Tests,79355768342,completed,success,32.0,Restore dependencies,completed,success,2.0,11931,2026-06-03T14:56:12.654326
26901753716,CI Pipeline,completed,success,57.0,2026-06-03T17:30:45Z,2026-06-03T17:31:42Z,4294065c,baseline run 3,Tests,79355768342,completed,success,32.0,Dotnet restore,completed,success,7.0,11931,2026-06-03T14:56:12.654329
26901753716,CI Pipeline,completed,success,57.0,2026-06-03T17:30:45Z,2026-06-03T17:31:42Z,4294065c,baseline run 3,Tests,79355768342,completed,success,32.0,Run tests,completed,success,13.0,11931,2026-06-03T14:56:12.654332
26901753716,CI Pipeline,completed,success,57.0,2026-06-03T17:30:45Z,2026-06-03T17:31:42Z,4294065c,baseline run 3,Tests,79355768342,completed,success,32.0,Upload test results,completed,success,1.0,11931,2026-06-03T14:56:12.654335
26901753716,CI Pipeline,completed,success,57.0,2026-06-03T17:30:45Z,2026-06-03T17:31:42Z,4294065c,baseline run 3,Tests,79355768342,completed,success,32.0,Upload code coverage,completed,success,1.0,11931,2026-06-03T14:56:12.654338
26901753716,CI Pipeline,completed,success,57.0,2026-06-03T17:30:45Z,2026-06-03T17:31:42Z,4294065c,baseline run 3,Tests,79355768342,completed,success,32.0,Post Restore dependencies,completed,success,0.0,11931,2026-06-03T14:56:12.654341
26901753716,CI Pipeline,completed,success,57.0,2026-06-03T17:30:45Z,2026-06-03T17:31:42Z,4294065c,baseline run 3,Tests,79355768342,completed,success,32.0,Post Setup .NET,completed,success,0.0,11931,2026-06-03T14:56:12.654354
26901753716,CI Pipeline,completed,success,57.0,2026-06-03T17:30:45Z,2026-06-03T17:31:42Z,4294065c,baseline run 3,Tests,79355768342,completed,success,32.0,Post Checkout code,completed,success,1.0,11931,2026-06-03T14:56:12.654357
26901753716,CI Pipeline,completed,success,57.0,2026-06-03T17:30:45Z,2026-06-03T17:31:42Z,4294065c,baseline run 3,Tests,79355768342,completed,success,32.0,Complete job,completed,success,0.0,11931,2026-06-03T14:56:12.654361
26901753716,CI Pipeline,completed,success,57.0,2026-06-03T17:30:45Z,2026-06-03T17:31:42Z,4294065c,baseline run 3,All Checks,79355879141,completed,success,3.0,Set up job,completed,success,0.0,11931,2026-06-03T14:56:12.654365
26901753716,CI Pipeline,completed,success,57.0,2026-06-03T17:30:45Z,2026-06-03T17:31:42Z,4294065c,baseline run 3,All Checks,79355879141,completed,success,3.0,Check all jobs status,completed,success,0.0,11931,2026-06-03T14:56:12.654368
26901753716,CI Pipeline,completed,success,57.0,2026-06-03T17:30:45Z,2026-06-03T17:31:42Z,4294065c,baseline run 3,All Checks,79355879141,completed,success,3.0,Complete job,completed,success,0.0,11931,2026-06-03T14:56:12.654371
26901741765,CI Pipeline,completed,success,63.0,2026-06-03T17:30:32Z,2026-06-03T17:31:35Z,1a02e641,baseline run 2,Code Quality,79355672080,completed,success,28.0,Set up job,completed,success,1.0,11933,2026-06-03T14:56:13.454370
26901741765,CI Pipeline,completed,success,63.0,2026-06-03T17:30:32Z,2026-06-03T17:31:35Z,1a02e641,baseline run 2,Code Quality,79355672080,completed,success,28.0,Checkout code,completed,success,1.0,11933,2026-06-03T14:56:13.454407
26901741765,CI Pipeline,completed,success,63.0,2026-06-03T17:30:32Z,2026-06-03T17:31:35Z,1a02e641,baseline run 2,Code Quality,79355672080,completed,success,28.0,Setup .NET,completed,success,0.0,11933,2026-06-03T14:56:13.454420
26901741765,CI Pipeline,completed,success,63.0,2026-06-03T17:30:32Z,2026-06-03T17:31:35Z,1a02e641,baseline run 2,Code Quality,79355672080,completed,success,28.0,Restore dependencies,completed,success,9.0,11933,2026-06-03T14:56:13.454425
26901741765,CI Pipeline,completed,success,63.0,2026-06-03T17:30:32Z,2026-06-03T17:31:35Z,1a02e641,baseline run 2,Code Quality,79355672080,completed,success,28.0,Verify code formatting,completed,success,14.0,11933,2026-06-03T14:56:13.454430
26901741765,CI Pipeline,completed,success,63.0,2026-06-03T17:30:32Z,2026-06-03T17:31:35Z,1a02e641,baseline run 2,Code Quality,79355672080,completed,success,28.0,Post Setup .NET,completed,success,0.0,11933,2026-06-03T14:56:13.454434
26901741765,CI Pipeline,completed,success,63.0,2026-06-03T17:30:32Z,2026-06-03T17:31:35Z,1a02e641,baseline run 2,Code Quality,79355672080,completed,success,28.0,Post Checkout code,completed,success,0.0,11933,2026-06-03T14:56:13.454438
26901741765,CI Pipeline,completed,success,63.0,2026-06-03T17:30:32Z,2026-06-03T17:31:35Z,1a02e641,baseline run 2,Code Quality,79355672080,completed,success,28.0,Complete job,completed,success,0.0,11933,2026-06-03T14:56:13.454442
26901741765,CI Pipeline,completed,success,63.0,2026-06-03T17:30:32Z,2026-06-03T17:31:35Z,1a02e641,baseline run 2,Build,79355672227,completed,success,27.0,Set up job,completed,success,2.0,11933,2026-06-03T14:56:13.454449
26901741765,CI Pipeline,completed,success,63.0,2026-06-03T17:30:32Z,2026-06-03T17:31:35Z,1a02e641,baseline run 2,Build,79355672227,completed,success,27.0,Checkout code,completed,success,1.0,11933,2026-06-03T14:56:13.454453
26901741765,CI Pipeline,completed,success,63.0,2026-06-03T17:30:32Z,2026-06-03T17:31:35Z,1a02e641,baseline run 2,Build,79355672227,completed,success,27.0,Setup .NET,completed,success,1.0,11933,2026-06-03T14:56:13.454457
26901741765,CI Pipeline,completed,success,63.0,2026-06-03T17:30:32Z,2026-06-03T17:31:35Z,1a02e641,baseline run 2,Build,79355672227,completed,success,27.0,Restore dependencies,completed,success,2.0,11933,2026-06-03T14:56:13.454461
26901741765,CI Pipeline,completed,success,63.0,2026-06-03T17:30:32Z,2026-06-03T17:31:35Z,1a02e641,baseline run 2,Build,79355672227,completed,success,27.0,Dotnet restore,completed,success,6.0,11933,2026-06-03T14:56:13.454465
26901741765,CI Pipeline,completed,success,63.0,2026-06-03T17:30:32Z,2026-06-03T17:31:35Z,1a02e641,baseline run 2,Build,79355672227,completed,success,27.0,Build project,completed,success,12.0,11933,2026-06-03T14:56:13.454469
26901741765,CI Pipeline,completed,success,63.0,2026-06-03T17:30:32Z,2026-06-03T17:31:35Z,1a02e641,baseline run 2,Build,79355672227,completed,success,27.0,Post Restore dependencies,completed,success,0.0,11933,2026-06-03T14:56:13.454474
26901741765,CI Pipeline,completed,success,63.0,2026-06-03T17:30:32Z,2026-06-03T17:31:35Z,1a02e641,baseline run 2,Build,79355672227,completed,success,27.0,Post Setup .NET,completed,success,0.0,11933,2026-06-03T14:56:13.454479
26901741765,CI Pipeline,completed,success,63.0,2026-06-03T17:30:32Z,2026-06-03T17:31:35Z,1a02e641,baseline run 2,Build,79355672227,completed,success,27.0,Post Checkout code,completed,success,0.0,11933,2026-06-03T14:56:13.454484
26901741765,CI Pipeline,completed,success,63.0,2026-06-03T17:30:32Z,2026-06-03T17:31:35Z,1a02e641,baseline run 2,Build,79355672227,completed,success,27.0,Complete job,completed,success,0.0,11933,2026-06-03T14:56:13.454488
26901741765,CI Pipeline,completed,success,63.0,2026-06-03T17:30:32Z,2026-06-03T17:31:35Z,1a02e641,baseline run 2,Tests,79355767364,completed,success,25.0,Set up job,completed,success,2.0,11933,2026-06-03T14:56:13.454504
26901741765,CI Pipeline,completed,success,63.0,2026-06-03T17:30:32Z,2026-06-03T17:31:35Z,1a02e641,baseline run 2,Tests,79355767364,completed,success,25.0,Checkout code,completed,success,2.0,11933,2026-06-03T14:56:13.454509
26901741765,CI Pipeline,completed,success,63.0,2026-06-03T17:30:32Z,2026-06-03T17:31:35Z,1a02e641,baseline run 2,Tests,79355767364,completed,success,25.0,Setup .NET,completed,success,0.0,11933,2026-06-03T14:56:13.454512
26901741765,CI Pipeline,completed,success,63.0,2026-06-03T17:30:32Z,2026-06-03T17:31:35Z,1a02e641,baseline run 2,Tests,79355767364,completed,success,25.0,Restore dependencies,completed,success,2.0,11933,2026-06-03T14:56:13.454516
26901741765,CI Pipeline,completed,success,63.0,2026-06-03T17:30:32Z,2026-06-03T17:31:35Z,1a02e641,baseline run 2,Tests,79355767364,completed,success,25.0,Dotnet restore,completed,success,4.0,11933,2026-06-03T14:56:13.454519
26901741765,CI Pipeline,completed,success,63.0,2026-06-03T17:30:32Z,2026-06-03T17:31:35Z,1a02e641,baseline run 2,Tests,79355767364,completed,success,25.0,Run tests,completed,success,9.0,11933,2026-06-03T14:56:13.454522
26901741765,CI Pipeline,completed,success,63.0,2026-06-03T17:30:32Z,2026-06-03T17:31:35Z,1a02e641,baseline run 2,Tests,79355767364,completed,success,25.0,Upload test results,completed,success,1.0,11933,2026-06-03T14:56:13.454526
26901741765,CI Pipeline,completed,success,63.0,2026-06-03T17:30:32Z,2026-06-03T17:31:35Z,1a02e641,baseline run 2,Tests,79355767364,completed,success,25.0,Upload code coverage,completed,success,1.0,11933,2026-06-03T14:56:13.454529
26901741765,CI Pipeline,completed,success,63.0,2026-06-03T17:30:32Z,2026-06-03T17:31:35Z,1a02e641,baseline run 2,Tests,79355767364,completed,success,25.0,Post Restore dependencies,completed,success,0.0,11933,2026-06-03T14:56:13.454533
26901741765,CI Pipeline,completed,success,63.0,2026-06-03T17:30:32Z,2026-06-03T17:31:35Z,1a02e641,baseline run 2,Tests,79355767364,completed,success,25.0,Post Setup .NET,completed,success,0.0,11933,2026-06-03T14:56:13.454536
26901741765,CI Pipeline,completed,success,63.0,2026-06-03T17:30:32Z,2026-06-03T17:31:35Z,1a02e641,baseline run 2,Tests,79355767364,completed,success,25.0,Post Checkout code,completed,success,0.0,11933,2026-06-03T14:56:13.454540
26901741765,CI Pipeline,completed,success,63.0,2026-06-03T17:30:32Z,2026-06-03T17:31:35Z,1a02e641,baseline run 2,Tests,79355767364,completed,success,25.0,Complete job,completed,success,0.0,11933,2026-06-03T14:56:13.454543
26901741765,CI Pipeline,completed,success,63.0,2026-06-03T17:30:32Z,2026-06-03T17:31:35Z,1a02e641,baseline run 2,All Checks,79355854661,completed,success,3.0,Set up job,completed,success,0.0,11933,2026-06-03T14:56:13.454548
26901741765,CI Pipeline,completed,success,63.0,2026-06-03T17:30:32Z,2026-06-03T17:31:35Z,1a02e641,baseline run 2,All Checks,79355854661,completed,success,3.0,Check all jobs status,completed,success,0.0,11933,2026-06-03T14:56:13.454552
26901741765,CI Pipeline,completed,success,63.0,2026-06-03T17:30:32Z,2026-06-03T17:31:35Z,1a02e641,baseline run 2,All Checks,79355854661,completed,success,3.0,Complete job,completed,success,0.0,11933,2026-06-03T14:56:13.454555
26901735528,CI Pipeline,completed,success,60.0,2026-06-03T17:30:25Z,2026-06-03T17:31:25Z,33385ca6,baseline run 1,Code Quality,79355653213,completed,success,52.0,Set up job,completed,success,1.0,11935,2026-06-03T14:56:14.169025
26901735528,CI Pipeline,completed,success,60.0,2026-06-03T17:30:25Z,2026-06-03T17:31:25Z,33385ca6,baseline run 1,Code Quality,79355653213,completed,success,52.0,Checkout code,completed,success,1.0,11935,2026-06-03T14:56:14.169044
26901735528,CI Pipeline,completed,success,60.0,2026-06-03T17:30:25Z,2026-06-03T17:31:25Z,33385ca6,baseline run 1,Code Quality,79355653213,completed,success,52.0,Setup .NET,completed,success,0.0,11935,2026-06-03T14:56:14.169049
26901735528,CI Pipeline,completed,success,60.0,2026-06-03T17:30:25Z,2026-06-03T17:31:25Z,33385ca6,baseline run 1,Code Quality,79355653213,completed,success,52.0,Restore dependencies,completed,success,22.0,11935,2026-06-03T14:56:14.169053
26901735528,CI Pipeline,completed,success,60.0,2026-06-03T17:30:25Z,2026-06-03T17:31:25Z,33385ca6,baseline run 1,Code Quality,79355653213,completed,success,52.0,Verify code formatting,completed,success,24.0,11935,2026-06-03T14:56:14.169057
26901735528,CI Pipeline,completed,success,60.0,2026-06-03T17:30:25Z,2026-06-03T17:31:25Z,33385ca6,baseline run 1,Code Quality,79355653213,completed,success,52.0,Post Setup .NET,completed,success,0.0,11935,2026-06-03T14:56:14.169061
26901735528,CI Pipeline,completed,success,60.0,2026-06-03T17:30:25Z,2026-06-03T17:31:25Z,33385ca6,baseline run 1,Code Quality,79355653213,completed,success,52.0,Post Checkout code,completed,success,1.0,11935,2026-06-03T14:56:14.169065
26901735528,CI Pipeline,completed,success,60.0,2026-06-03T17:30:25Z,2026-06-03T17:31:25Z,33385ca6,baseline run 1,Code Quality,79355653213,completed,success,52.0,Complete job,completed,success,0.0,11935,2026-06-03T14:56:14.169069
26901735528,CI Pipeline,completed,success,60.0,2026-06-03T17:30:25Z,2026-06-03T17:31:25Z,33385ca6,baseline run 1,Build,79355653297,completed,success,16.0,Set up job,completed,success,1.0,11935,2026-06-03T14:56:14.169074
26901735528,CI Pipeline,completed,success,60.0,2026-06-03T17:30:25Z,2026-06-03T17:31:25Z,33385ca6,baseline run 1,Build,79355653297,completed,success,16.0,Checkout code,completed,success,1.0,11935,2026-06-03T14:56:14.169078
26901735528,CI Pipeline,completed,success,60.0,2026-06-03T17:30:25Z,2026-06-03T17:31:25Z,33385ca6,baseline run 1,Build,79355653297,completed,success,16.0,Setup .NET,completed,success,1.0,11935,2026-06-03T14:56:14.169099
26901735528,CI Pipeline,completed,success,60.0,2026-06-03T17:30:25Z,2026-06-03T17:31:25Z,33385ca6,baseline run 1,Build,79355653297,completed,success,16.0,Restore dependencies,completed,success,1.0,11935,2026-06-03T14:56:14.169104
26901735528,CI Pipeline,completed,success,60.0,2026-06-03T17:30:25Z,2026-06-03T17:31:25Z,33385ca6,baseline run 1,Build,79355653297,completed,success,16.0,Dotnet restore,completed,success,3.0,11935,2026-06-03T14:56:14.169107
26901735528,CI Pipeline,completed,success,60.0,2026-06-03T17:30:25Z,2026-06-03T17:31:25Z,33385ca6,baseline run 1,Build,79355653297,completed,success,16.0,Build project,completed,success,5.0,11935,2026-06-03T14:56:14.169111
26901735528,CI Pipeline,completed,success,60.0,2026-06-03T17:30:25Z,2026-06-03T17:31:25Z,33385ca6,baseline run 1,Build,79355653297,completed,success,16.0,Post Restore dependencies,completed,success,0.0,11935,2026-06-03T14:56:14.169115
26901735528,CI Pipeline,completed,success,60.0,2026-06-03T17:30:25Z,2026-06-03T17:31:25Z,33385ca6,baseline run 1,Build,79355653297,completed,success,16.0,Post Setup .NET,completed,success,0.0,11935,2026-06-03T14:56:14.169118
26901735528,CI Pipeline,completed,success,60.0,2026-06-03T17:30:25Z,2026-06-03T17:31:25Z,33385ca6,baseline run 1,Build,79355653297,completed,success,16.0,Post Checkout code,completed,success,0.0,11935,2026-06-03T14:56:14.169122
26901735528,CI Pipeline,completed,success,60.0,2026-06-03T17:30:25Z,2026-06-03T17:31:25Z,33385ca6,baseline run 1,Build,79355653297,completed,success,16.0,Complete job,completed,success,0.0,11935,2026-06-03T14:56:14.169125
26901735528,CI Pipeline,completed,success,60.0,2026-06-03T17:30:25Z,2026-06-03T17:31:25Z,33385ca6,baseline run 1,Tests,79355710671,completed,success,28.0,Set up job,completed,success,2.0,11935,2026-06-03T14:56:14.169130
26901735528,CI Pipeline,completed,success,60.0,2026-06-03T17:30:25Z,2026-06-03T17:31:25Z,33385ca6,baseline run 1,Tests,79355710671,completed,success,28.0,Checkout code,completed,success,1.0,11935,2026-06-03T14:56:14.169133
26901735528,CI Pipeline,completed,success,60.0,2026-06-03T17:30:25Z,2026-06-03T17:31:25Z,33385ca6,baseline run 1,Tests,79355710671,completed,success,28.0,Setup .NET,completed,success,1.0,11935,2026-06-03T14:56:14.169137
26901735528,CI Pipeline,completed,success,60.0,2026-06-03T17:30:25Z,2026-06-03T17:31:25Z,33385ca6,baseline run 1,Tests,79355710671,completed,success,28.0,Restore dependencies,completed,success,1.0,11935,2026-06-03T14:56:14.169140
26901735528,CI Pipeline,completed,success,60.0,2026-06-03T17:30:25Z,2026-06-03T17:31:25Z,33385ca6,baseline run 1,Tests,79355710671,completed,success,28.0,Dotnet restore,completed,success,6.0,11935,2026-06-03T14:56:14.169143
26901735528,CI Pipeline,completed,success,60.0,2026-06-03T17:30:25Z,2026-06-03T17:31:25Z,33385ca6,baseline run 1,Tests,79355710671,completed,success,28.0,Run tests,completed,success,11.0,11935,2026-06-03T14:56:14.169147
26901735528,CI Pipeline,completed,success,60.0,2026-06-03T17:30:25Z,2026-06-03T17:31:25Z,33385ca6,baseline run 1,Tests,79355710671,completed,success,28.0,Upload test results,completed,success,1.0,11935,2026-06-03T14:56:14.169151
26901735528,CI Pipeline,completed,success,60.0,2026-06-03T17:30:25Z,2026-06-03T17:31:25Z,33385ca6,baseline run 1,Tests,79355710671,completed,success,28.0,Upload code coverage,completed,success,1.0,11935,2026-06-03T14:56:14.169154
26901735528,CI Pipeline,completed,success,60.0,2026-06-03T17:30:25Z,2026-06-03T17:31:25Z,33385ca6,baseline run 1,Tests,79355710671,completed,success,28.0,Post Restore dependencies,completed,success,1.0,11935,2026-06-03T14:56:14.169158
26901735528,CI Pipeline,completed,success,60.0,2026-06-03T17:30:25Z,2026-06-03T17:31:25Z,33385ca6,baseline run 1,Tests,79355710671,completed,success,28.0,Post Setup .NET,completed,success,0.0,11935,2026-06-03T14:56:14.169161
26901735528,CI Pipeline,completed,success,60.0,2026-06-03T17:30:25Z,2026-06-03T17:31:25Z,33385ca6,baseline run 1,Tests,79355710671,completed,success,28.0,Post Checkout code,completed,success,0.0,11935,2026-06-03T14:56:14.169165
26901735528,CI Pipeline,completed,success,60.0,2026-06-03T17:30:25Z,2026-06-03T17:31:25Z,33385ca6,baseline run 1,Tests,79355710671,completed,success,28.0,Complete job,completed,success,0.0,11935,2026-06-03T14:56:14.169168
26901735528,CI Pipeline,completed,success,60.0,2026-06-03T17:30:25Z,2026-06-03T17:31:25Z,33385ca6,baseline run 1,All Checks,79355824114,completed,success,2.0,Set up job,completed,success,0.0,11935,2026-06-03T14:56:14.169173
26901735528,CI Pipeline,completed,success,60.0,2026-06-03T17:30:25Z,2026-06-03T17:31:25Z,33385ca6,baseline run 1,All Checks,79355824114,completed,success,2.0,Check all jobs status,completed,success,0.0,11935,2026-06-03T14:56:14.169176
26901735528,CI Pipeline,completed,success,60.0,2026-06-03T17:30:25Z,2026-06-03T17:31:25Z,33385ca6,baseline run 1,All Checks,79355824114,completed,success,2.0,Complete job,completed,success,0.0,11935,2026-06-03T14:56:14.169180
26901716192,CI Pipeline,completed,success,49.0,2026-06-03T17:30:05Z,2026-06-03T17:30:54Z,48c7d713,docs: add success run evidence image,Build,79355585347,completed,success,13.0,Set up job,completed,success,1.0,11937,2026-06-03T14:56:14.905764
26901716192,CI Pipeline,completed,success,49.0,2026-06-03T17:30:05Z,2026-06-03T17:30:54Z,48c7d713,docs: add success run evidence image,Build,79355585347,completed,success,13.0,Checkout code,completed,success,1.0,11937,2026-06-03T14:56:14.905786
26901716192,CI Pipeline,completed,success,49.0,2026-06-03T17:30:05Z,2026-06-03T17:30:54Z,48c7d713,docs: add success run evidence image,Build,79355585347,completed,success,13.0,Setup .NET,completed,success,1.0,11937,2026-06-03T14:56:14.905791
26901716192,CI Pipeline,completed,success,49.0,2026-06-03T17:30:05Z,2026-06-03T17:30:54Z,48c7d713,docs: add success run evidence image,Build,79355585347,completed,success,13.0,Restore dependencies,completed,success,1.0,11937,2026-06-03T14:56:14.905795
26901716192,CI Pipeline,completed,success,49.0,2026-06-03T17:30:05Z,2026-06-03T17:30:54Z,48c7d713,docs: add success run evidence image,Build,79355585347,completed,success,13.0,Dotnet restore,completed,success,2.0,11937,2026-06-03T14:56:14.905799
26901716192,CI Pipeline,completed,success,49.0,2026-06-03T17:30:05Z,2026-06-03T17:30:54Z,48c7d713,docs: add success run evidence image,Build,79355585347,completed,success,13.0,Build project,completed,success,5.0,11937,2026-06-03T14:56:14.905803
26901716192,CI Pipeline,completed,success,49.0,2026-06-03T17:30:05Z,2026-06-03T17:30:54Z,48c7d713,docs: add success run evidence image,Build,79355585347,completed,success,13.0,Post Restore dependencies,completed,success,0.0,11937,2026-06-03T14:56:14.905807
26901716192,CI Pipeline,completed,success,49.0,2026-06-03T17:30:05Z,2026-06-03T17:30:54Z,48c7d713,docs: add success run evidence image,Build,79355585347,completed,success,13.0,Post Setup .NET,completed,success,1.0,11937,2026-06-03T14:56:14.905811
26901716192,CI Pipeline,completed,success,49.0,2026-06-03T17:30:05Z,2026-06-03T17:30:54Z,48c7d713,docs: add success run evidence image,Build,79355585347,completed,success,13.0,Post Checkout code,completed,success,0.0,11937,2026-06-03T14:56:14.905814
26901716192,CI Pipeline,completed,success,49.0,2026-06-03T17:30:05Z,2026-06-03T17:30:54Z,48c7d713,docs: add success run evidence image,Build,79355585347,completed,success,13.0,Complete job,completed,success,0.0,11937,2026-06-03T14:56:14.905818
26901716192,CI Pipeline,completed,success,49.0,2026-06-03T17:30:05Z,2026-06-03T17:30:54Z,48c7d713,docs: add success run evidence image,Code Quality,79355585354,completed,success,24.0,Set up job,completed,success,2.0,11937,2026-06-03T14:56:14.905824
26901716192,CI Pipeline,completed,success,49.0,2026-06-03T17:30:05Z,2026-06-03T17:30:54Z,48c7d713,docs: add success run evidence image,Code Quality,79355585354,completed,success,24.0,Checkout code,completed,success,1.0,11937,2026-06-03T14:56:14.905827
26901716192,CI Pipeline,completed,success,49.0,2026-06-03T17:30:05Z,2026-06-03T17:30:54Z,48c7d713,docs: add success run evidence image,Code Quality,79355585354,completed,success,24.0,Setup .NET,completed,success,1.0,11937,2026-06-03T14:56:14.905831
26901716192,CI Pipeline,completed,success,49.0,2026-06-03T17:30:05Z,2026-06-03T17:30:54Z,48c7d713,docs: add success run evidence image,Code Quality,79355585354,completed,success,24.0,Restore dependencies,completed,success,4.0,11937,2026-06-03T14:56:14.905835
26901716192,CI Pipeline,completed,success,49.0,2026-06-03T17:30:05Z,2026-06-03T17:30:54Z,48c7d713,docs: add success run evidence image,Code Quality,79355585354,completed,success,24.0,Verify code formatting,completed,success,12.0,11937,2026-06-03T14:56:14.905839
26901716192,CI Pipeline,completed,success,49.0,2026-06-03T17:30:05Z,2026-06-03T17:30:54Z,48c7d713,docs: add success run evidence image,Code Quality,79355585354,completed,success,24.0,Post Setup .NET,completed,success,0.0,11937,2026-06-03T14:56:14.905843
26901716192,CI Pipeline,completed,success,49.0,2026-06-03T17:30:05Z,2026-06-03T17:30:54Z,48c7d713,docs: add success run evidence image,Code Quality,79355585354,completed,success,24.0,Post Checkout code,completed,success,0.0,11937,2026-06-03T14:56:14.905846
26901716192,CI Pipeline,completed,success,49.0,2026-06-03T17:30:05Z,2026-06-03T17:30:54Z,48c7d713,docs: add success run evidence image,Code Quality,79355585354,completed,success,24.0,Complete job,completed,success,0.0,11937,2026-06-03T14:56:14.905850
26901716192,CI Pipeline,completed,success,49.0,2026-06-03T17:30:05Z,2026-06-03T17:30:54Z,48c7d713,docs: add success run evidence image,Tests,79355636900,completed,success,24.0,Set up job,completed,success,2.0,11937,2026-06-03T14:56:14.905854
26901716192,CI Pipeline,completed,success,49.0,2026-06-03T17:30:05Z,2026-06-03T17:30:54Z,48c7d713,docs: add success run evidence image,Tests,79355636900,completed,success,24.0,Checkout code,completed,success,2.0,11937,2026-06-03T14:56:14.905858
26901716192,CI Pipeline,completed,success,49.0,2026-06-03T17:30:05Z,2026-06-03T17:30:54Z,48c7d713,docs: add success run evidence image,Tests,79355636900,completed,success,24.0,Setup .NET,completed,success,0.0,11937,2026-06-03T14:56:14.905861
26901716192,CI Pipeline,completed,success,49.0,2026-06-03T17:30:05Z,2026-06-03T17:30:54Z,48c7d713,docs: add success run evidence image,Tests,79355636900,completed,success,24.0,Restore dependencies,completed,success,3.0,11937,2026-06-03T14:56:14.905864
26901716192,CI Pipeline,completed,success,49.0,2026-06-03T17:30:05Z,2026-06-03T17:30:54Z,48c7d713,docs: add success run evidence image,Tests,79355636900,completed,success,24.0,Dotnet restore,completed,success,2.0,11937,2026-06-03T14:56:14.905868
26901716192,CI Pipeline,completed,success,49.0,2026-06-03T17:30:05Z,2026-06-03T17:30:54Z,48c7d713,docs: add success run evidence image,Tests,79355636900,completed,success,24.0,Run tests,completed,success,9.0,11937,2026-06-03T14:56:14.905871
26901716192,CI Pipeline,completed,success,49.0,2026-06-03T17:30:05Z,2026-06-03T17:30:54Z,48c7d713,docs: add success run evidence image,Tests,79355636900,completed,success,24.0,Upload test results,completed,success,1.0,11937,2026-06-03T14:56:14.905875
26901716192,CI Pipeline,completed,success,49.0,2026-06-03T17:30:05Z,2026-06-03T17:30:54Z,48c7d713,docs: add success run evidence image,Tests,79355636900,completed,success,24.0,Upload code coverage,completed,success,1.0,11937,2026-06-03T14:56:14.905879
26901716192,CI Pipeline,completed,success,49.0,2026-06-03T17:30:05Z,2026-06-03T17:30:54Z,48c7d713,docs: add success run evidence image,Tests,79355636900,completed,success,24.0,Post Restore dependencies,completed,success,0.0,11937,2026-06-03T14:56:14.905882
26901716192,CI Pipeline,completed,success,49.0,2026-06-03T17:30:05Z,2026-06-03T17:30:54Z,48c7d713,docs: add success run evidence image,Tests,79355636900,completed,success,24.0,Post Setup .NET,completed,success,0.0,11937,2026-06-03T14:56:14.905900
26901716192,CI Pipeline,completed,success,49.0,2026-06-03T17:30:05Z,2026-06-03T17:30:54Z,48c7d713,docs: add success run evidence image,Tests,79355636900,completed,success,24.0,Post Checkout code,completed,success,0.0,11937,2026-06-03T14:56:14.905905
26901716192,CI Pipeline,completed,success,49.0,2026-06-03T17:30:05Z,2026-06-03T17:30:54Z,48c7d713,docs: add success run evidence image,Tests,79355636900,completed,success,24.0,Complete job,completed,success,0.0,11937,2026-06-03T14:56:14.905909
26901716192,CI Pipeline,completed,success,49.0,2026-06-03T17:30:05Z,2026-06-03T17:30:54Z,48c7d713,docs: add success run evidence image,All Checks,79355722648,completed,success,3.0,Set up job,completed,success,0.0,11937,2026-06-03T14:56:14.905914
26901716192,CI Pipeline,completed,success,49.0,2026-06-03T17:30:05Z,2026-06-03T17:30:54Z,48c7d713,docs: add success run evidence image,All Checks,79355722648,completed,success,3.0,Check all jobs status,completed,success,0.0,11937,2026-06-03T14:56:14.905918
26901716192,CI Pipeline,completed,success,49.0,2026-06-03T17:30:05Z,2026-06-03T17:30:54Z,48c7d713,docs: add success run evidence image,All Checks,79355722648,completed,success,3.0,Complete job,completed,success,0.0,11937,2026-06-03T14:56:14.905921
26901293989,CI Pipeline,completed,success,59.0,2026-06-03T17:22:07Z,2026-06-03T17:23:06Z,39469e1e,update upload artifact action,Build,79354095968,completed,success,21.0,Set up job,completed,success,1.0,11921,2026-06-03T14:56:15.696113
26901293989,CI Pipeline,completed,success,59.0,2026-06-03T17:22:07Z,2026-06-03T17:23:06Z,39469e1e,update upload artifact action,Build,79354095968,completed,success,21.0,Checkout code,completed,success,1.0,11921,2026-06-03T14:56:15.696139
26901293989,CI Pipeline,completed,success,59.0,2026-06-03T17:22:07Z,2026-06-03T17:23:06Z,39469e1e,update upload artifact action,Build,79354095968,completed,success,21.0,Setup .NET,completed,success,1.0,11921,2026-06-03T14:56:15.696144
26901293989,CI Pipeline,completed,success,59.0,2026-06-03T17:22:07Z,2026-06-03T17:23:06Z,39469e1e,update upload artifact action,Build,79354095968,completed,success,21.0,Restore dependencies,completed,success,1.0,11921,2026-06-03T14:56:15.696149
26901293989,CI Pipeline,completed,success,59.0,2026-06-03T17:22:07Z,2026-06-03T17:23:06Z,39469e1e,update upload artifact action,Build,79354095968,completed,success,21.0,Dotnet restore,completed,success,6.0,11921,2026-06-03T14:56:15.696154
26901293989,CI Pipeline,completed,success,59.0,2026-06-03T17:22:07Z,2026-06-03T17:23:06Z,39469e1e,update upload artifact action,Build,79354095968,completed,success,21.0,Build project,completed,success,8.0,11921,2026-06-03T14:56:15.696158
26901293989,CI Pipeline,completed,success,59.0,2026-06-03T17:22:07Z,2026-06-03T17:23:06Z,39469e1e,update upload artifact action,Build,79354095968,completed,success,21.0,Post Restore dependencies,completed,success,0.0,11921,2026-06-03T14:56:15.696162
26901293989,CI Pipeline,completed,success,59.0,2026-06-03T17:22:07Z,2026-06-03T17:23:06Z,39469e1e,update upload artifact action,Build,79354095968,completed,success,21.0,Post Setup .NET,completed,success,1.0,11921,2026-06-03T14:56:15.696166
26901293989,CI Pipeline,completed,success,59.0,2026-06-03T17:22:07Z,2026-06-03T17:23:06Z,39469e1e,update upload artifact action,Build,79354095968,completed,success,21.0,Post Checkout code,completed,success,0.0,11921,2026-06-03T14:56:15.696171
26901293989,CI Pipeline,completed,success,59.0,2026-06-03T17:22:07Z,2026-06-03T17:23:06Z,39469e1e,update upload artifact action,Build,79354095968,completed,success,21.0,Complete job,completed,success,0.0,11921,2026-06-03T14:56:15.696175
26901293989,CI Pipeline,completed,success,59.0,2026-06-03T17:22:07Z,2026-06-03T17:23:06Z,39469e1e,update upload artifact action,Code Quality,79354096001,completed,success,28.0,Set up job,completed,success,1.0,11921,2026-06-03T14:56:15.696181
26901293989,CI Pipeline,completed,success,59.0,2026-06-03T17:22:07Z,2026-06-03T17:23:06Z,39469e1e,update upload artifact action,Code Quality,79354096001,completed,success,28.0,Checkout code,completed,success,1.0,11921,2026-06-03T14:56:15.696185
26901293989,CI Pipeline,completed,success,59.0,2026-06-03T17:22:07Z,2026-06-03T17:23:06Z,39469e1e,update upload artifact action,Code Quality,79354096001,completed,success,28.0,Setup .NET,completed,success,1.0,11921,2026-06-03T14:56:15.696189
26901293989,CI Pipeline,completed,success,59.0,2026-06-03T17:22:07Z,2026-06-03T17:23:06Z,39469e1e,update upload artifact action,Code Quality,79354096001,completed,success,28.0,Restore dependencies,completed,success,7.0,11921,2026-06-03T14:56:15.696193
26901293989,CI Pipeline,completed,success,59.0,2026-06-03T17:22:07Z,2026-06-03T17:23:06Z,39469e1e,update upload artifact action,Code Quality,79354096001,completed,success,28.0,Verify code formatting,completed,success,13.0,11921,2026-06-03T14:56:15.696197
26901293989,CI Pipeline,completed,success,59.0,2026-06-03T17:22:07Z,2026-06-03T17:23:06Z,39469e1e,update upload artifact action,Code Quality,79354096001,completed,success,28.0,Post Setup .NET,completed,success,0.0,11921,2026-06-03T14:56:15.696201
26901293989,CI Pipeline,completed,success,59.0,2026-06-03T17:22:07Z,2026-06-03T17:23:06Z,39469e1e,update upload artifact action,Code Quality,79354096001,completed,success,28.0,Post Checkout code,completed,success,0.0,11921,2026-06-03T14:56:15.696206
26901293989,CI Pipeline,completed,success,59.0,2026-06-03T17:22:07Z,2026-06-03T17:23:06Z,39469e1e,update upload artifact action,Code Quality,79354096001,completed,success,28.0,Complete job,completed,success,1.0,11921,2026-06-03T14:56:15.696210
26901293989,CI Pipeline,completed,success,59.0,2026-06-03T17:22:07Z,2026-06-03T17:23:06Z,39469e1e,update upload artifact action,Tests,79354169659,completed,success,25.0,Set up job,completed,success,2.0,11921,2026-06-03T14:56:15.696215
26901293989,CI Pipeline,completed,success,59.0,2026-06-03T17:22:07Z,2026-06-03T17:23:06Z,39469e1e,update upload artifact action,Tests,79354169659,completed,success,25.0,Checkout code,completed,success,0.0,11921,2026-06-03T14:56:15.696234
26901293989,CI Pipeline,completed,success,59.0,2026-06-03T17:22:07Z,2026-06-03T17:23:06Z,39469e1e,update upload artifact action,Tests,79354169659,completed,success,25.0,Setup .NET,completed,success,1.0,11921,2026-06-03T14:56:15.696240
26901293989,CI Pipeline,completed,success,59.0,2026-06-03T17:22:07Z,2026-06-03T17:23:06Z,39469e1e,update upload artifact action,Tests,79354169659,completed,success,25.0,Restore dependencies,completed,success,1.0,11921,2026-06-03T14:56:15.696244
26901293989,CI Pipeline,completed,success,59.0,2026-06-03T17:22:07Z,2026-06-03T17:23:06Z,39469e1e,update upload artifact action,Tests,79354169659,completed,success,25.0,Dotnet restore,completed,success,6.0,11921,2026-06-03T14:56:15.696248
26901293989,CI Pipeline,completed,success,59.0,2026-06-03T17:22:07Z,2026-06-03T17:23:06Z,39469e1e,update upload artifact action,Tests,79354169659,completed,success,25.0,Run tests,completed,success,12.0,11921,2026-06-03T14:56:15.696252
26901293989,CI Pipeline,completed,success,59.0,2026-06-03T17:22:07Z,2026-06-03T17:23:06Z,39469e1e,update upload artifact action,Tests,79354169659,completed,success,25.0,Upload test results,completed,success,0.0,11921,2026-06-03T14:56:15.696256
26901293989,CI Pipeline,completed,success,59.0,2026-06-03T17:22:07Z,2026-06-03T17:23:06Z,39469e1e,update upload artifact action,Tests,79354169659,completed,success,25.0,Upload code coverage,completed,success,1.0,11921,2026-06-03T14:56:15.696260
26901293989,CI Pipeline,completed,success,59.0,2026-06-03T17:22:07Z,2026-06-03T17:23:06Z,39469e1e,update upload artifact action,Tests,79354169659,completed,success,25.0,Post Restore dependencies,completed,success,0.0,11921,2026-06-03T14:56:15.696264
26901293989,CI Pipeline,completed,success,59.0,2026-06-03T17:22:07Z,2026-06-03T17:23:06Z,39469e1e,update upload artifact action,Tests,79354169659,completed,success,25.0,Post Setup .NET,completed,success,1.0,11921,2026-06-03T14:56:15.696268
26901293989,CI Pipeline,completed,success,59.0,2026-06-03T17:22:07Z,2026-06-03T17:23:06Z,39469e1e,update upload artifact action,Tests,79354169659,completed,success,25.0,Post Checkout code,completed,success,0.0,11921,2026-06-03T14:56:15.696272
26901293989,CI Pipeline,completed,success,59.0,2026-06-03T17:22:07Z,2026-06-03T17:23:06Z,39469e1e,update upload artifact action,Tests,79354169659,completed,success,25.0,Complete job,completed,success,0.0,11921,2026-06-03T14:56:15.696276
26901293989,CI Pipeline,completed,success,59.0,2026-06-03T17:22:07Z,2026-06-03T17:23:06Z,39469e1e,update upload artifact action,All Checks,79354255211,completed,success,4.0,Set up job,completed,success,0.0,11921,2026-06-03T14:56:15.696282
26901293989,CI Pipeline,completed,success,59.0,2026-06-03T17:22:07Z,2026-06-03T17:23:06Z,39469e1e,update upload artifact action,All Checks,79354255211,completed,success,4.0,Check all jobs status,completed,success,0.0,11921,2026-06-03T14:56:15.696286
26901293989,CI Pipeline,completed,success,59.0,2026-06-03T17:22:07Z,2026-06-03T17:23:06Z,39469e1e,update upload artifact action,All Checks,79354255211,completed,success,4.0,Complete job,completed,success,0.0,11921,2026-06-03T14:56:15.696289
26901240672,CI Pipeline,completed,failure,40.0,2026-06-03T17:21:05Z,2026-06-03T17:21:45Z,e2837ebd,fix code formatting,Build,79353906498,completed,success,20.0,Set up job,completed,success,1.0,0,2026-06-03T14:56:16.695765
26901240672,CI Pipeline,completed,failure,40.0,2026-06-03T17:21:05Z,2026-06-03T17:21:45Z,e2837ebd,fix code formatting,Build,79353906498,completed,success,20.0,Checkout code,completed,success,1.0,0,2026-06-03T14:56:16.695778
26901240672,CI Pipeline,completed,failure,40.0,2026-06-03T17:21:05Z,2026-06-03T17:21:45Z,e2837ebd,fix code formatting,Build,79353906498,completed,success,20.0,Setup .NET,completed,success,0.0,0,2026-06-03T14:56:16.695782
26901240672,CI Pipeline,completed,failure,40.0,2026-06-03T17:21:05Z,2026-06-03T17:21:45Z,e2837ebd,fix code formatting,Build,79353906498,completed,success,20.0,Restore dependencies,completed,success,1.0,0,2026-06-03T14:56:16.695786
26901240672,CI Pipeline,completed,failure,40.0,2026-06-03T17:21:05Z,2026-06-03T17:21:45Z,e2837ebd,fix code formatting,Build,79353906498,completed,success,20.0,Dotnet restore,completed,success,6.0,0,2026-06-03T14:56:16.695790
26901240672,CI Pipeline,completed,failure,40.0,2026-06-03T17:21:05Z,2026-06-03T17:21:45Z,e2837ebd,fix code formatting,Build,79353906498,completed,success,20.0,Build project,completed,success,7.0,0,2026-06-03T14:56:16.695793
26901240672,CI Pipeline,completed,failure,40.0,2026-06-03T17:21:05Z,2026-06-03T17:21:45Z,e2837ebd,fix code formatting,Build,79353906498,completed,success,20.0,Post Restore dependencies,completed,success,0.0,0,2026-06-03T14:56:16.695798
26901240672,CI Pipeline,completed,failure,40.0,2026-06-03T17:21:05Z,2026-06-03T17:21:45Z,e2837ebd,fix code formatting,Build,79353906498,completed,success,20.0,Post Setup .NET,completed,success,0.0,0,2026-06-03T14:56:16.695802
26901240672,CI Pipeline,completed,failure,40.0,2026-06-03T17:21:05Z,2026-06-03T17:21:45Z,e2837ebd,fix code formatting,Build,79353906498,completed,success,20.0,Post Checkout code,completed,success,1.0,0,2026-06-03T14:56:16.695805
26901240672,CI Pipeline,completed,failure,40.0,2026-06-03T17:21:05Z,2026-06-03T17:21:45Z,e2837ebd,fix code formatting,Build,79353906498,completed,success,20.0,Complete job,completed,success,0.0,0,2026-06-03T14:56:16.695808
26901240672,CI Pipeline,completed,failure,40.0,2026-06-03T17:21:05Z,2026-06-03T17:21:45Z,e2837ebd,fix code formatting,Code Quality,79353906555,completed,success,30.0,Set up job,completed,success,1.0,0,2026-06-03T14:56:16.695813
26901240672,CI Pipeline,completed,failure,40.0,2026-06-03T17:21:05Z,2026-06-03T17:21:45Z,e2837ebd,fix code formatting,Code Quality,79353906555,completed,success,30.0,Checkout code,completed,success,0.0,0,2026-06-03T14:56:16.695824
26901240672,CI Pipeline,completed,failure,40.0,2026-06-03T17:21:05Z,2026-06-03T17:21:45Z,e2837ebd,fix code formatting,Code Quality,79353906555,completed,success,30.0,Setup .NET,completed,success,1.0,0,2026-06-03T14:56:16.695827
26901240672,CI Pipeline,completed,failure,40.0,2026-06-03T17:21:05Z,2026-06-03T17:21:45Z,e2837ebd,fix code formatting,Code Quality,79353906555,completed,success,30.0,Restore dependencies,completed,success,9.0,0,2026-06-03T14:56:16.695831
26901240672,CI Pipeline,completed,failure,40.0,2026-06-03T17:21:05Z,2026-06-03T17:21:45Z,e2837ebd,fix code formatting,Code Quality,79353906555,completed,success,30.0,Verify code formatting,completed,success,16.0,0,2026-06-03T14:56:16.695834
26901240672,CI Pipeline,completed,failure,40.0,2026-06-03T17:21:05Z,2026-06-03T17:21:45Z,e2837ebd,fix code formatting,Code Quality,79353906555,completed,success,30.0,Post Setup .NET,completed,success,0.0,0,2026-06-03T14:56:16.695838
26901240672,CI Pipeline,completed,failure,40.0,2026-06-03T17:21:05Z,2026-06-03T17:21:45Z,e2837ebd,fix code formatting,Code Quality,79353906555,completed,success,30.0,Post Checkout code,completed,success,1.0,0,2026-06-03T14:56:16.695841
26901240672,CI Pipeline,completed,failure,40.0,2026-06-03T17:21:05Z,2026-06-03T17:21:45Z,e2837ebd,fix code formatting,Code Quality,79353906555,completed,success,30.0,Complete job,completed,success,0.0,0,2026-06-03T14:56:16.695844
26901240672,CI Pipeline,completed,failure,40.0,2026-06-03T17:21:05Z,2026-06-03T17:21:45Z,e2837ebd,fix code formatting,Tests,79353974440,completed,failure,3.0,Set up job,completed,failure,1.0,0,2026-06-03T14:56:16.695848
26901240672,CI Pipeline,completed,failure,40.0,2026-06-03T17:21:05Z,2026-06-03T17:21:45Z,e2837ebd,fix code formatting,All Checks,79354005463,completed,failure,3.0,Set up job,completed,success,0.0,0,2026-06-03T14:56:16.695852
26901240672,CI Pipeline,completed,failure,40.0,2026-06-03T17:21:05Z,2026-06-03T17:21:45Z,e2837ebd,fix code formatting,All Checks,79354005463,completed,failure,3.0,Check all jobs status,completed,failure,0.0,0,2026-06-03T14:56:16.695855
26901240672,CI Pipeline,completed,failure,40.0,2026-06-03T17:21:05Z,2026-06-03T17:21:45Z,e2837ebd,fix code formatting,All Checks,79354005463,completed,failure,3.0,Complete job,completed,success,0.0,0,2026-06-03T14:56:16.695858
26900979040,CI Pipeline,completed,failure,40.0,2026-06-03T17:16:01Z,2026-06-03T17:16:41Z,427b2cc0,add github actions pipeline,Code Quality,79352977582,completed,failure,29.0,Set up job,completed,success,1.0,0,2026-06-03T14:56:17.702800
26900979040,CI Pipeline,completed,failure,40.0,2026-06-03T17:16:01Z,2026-06-03T17:16:41Z,427b2cc0,add github actions pipeline,Code Quality,79352977582,completed,failure,29.0,Checkout code,completed,success,2.0,0,2026-06-03T14:56:17.702821
26900979040,CI Pipeline,completed,failure,40.0,2026-06-03T17:16:01Z,2026-06-03T17:16:41Z,427b2cc0,add github actions pipeline,Code Quality,79352977582,completed,failure,29.0,Setup .NET,completed,success,1.0,0,2026-06-03T14:56:17.702829
26900979040,CI Pipeline,completed,failure,40.0,2026-06-03T17:16:01Z,2026-06-03T17:16:41Z,427b2cc0,add github actions pipeline,Code Quality,79352977582,completed,failure,29.0,Restore dependencies,completed,success,9.0,0,2026-06-03T14:56:17.702834
26900979040,CI Pipeline,completed,failure,40.0,2026-06-03T17:16:01Z,2026-06-03T17:16:41Z,427b2cc0,add github actions pipeline,Code Quality,79352977582,completed,failure,29.0,Verify code formatting,completed,failure,13.0,0,2026-06-03T14:56:17.702838
26900979040,CI Pipeline,completed,failure,40.0,2026-06-03T17:16:01Z,2026-06-03T17:16:41Z,427b2cc0,add github actions pipeline,Code Quality,79352977582,completed,failure,29.0,Post Setup .NET,completed,skipped,0.0,0,2026-06-03T14:56:17.702843
26900979040,CI Pipeline,completed,failure,40.0,2026-06-03T17:16:01Z,2026-06-03T17:16:41Z,427b2cc0,add github actions pipeline,Code Quality,79352977582,completed,failure,29.0,Post Checkout code,completed,success,1.0,0,2026-06-03T14:56:17.702847
26900979040,CI Pipeline,completed,failure,40.0,2026-06-03T17:16:01Z,2026-06-03T17:16:41Z,427b2cc0,add github actions pipeline,Code Quality,79352977582,completed,failure,29.0,Complete job,completed,success,0.0,0,2026-06-03T14:56:17.702851
26900979040,CI Pipeline,completed,failure,40.0,2026-06-03T17:16:01Z,2026-06-03T17:16:41Z,427b2cc0,add github actions pipeline,Build,79352977772,completed,success,19.0,Set up job,completed,success,1.0,0,2026-06-03T14:56:17.702857
26900979040,CI Pipeline,completed,failure,40.0,2026-06-03T17:16:01Z,2026-06-03T17:16:41Z,427b2cc0,add github actions pipeline,Build,79352977772,completed,success,19.0,Checkout code,completed,success,2.0,0,2026-06-03T14:56:17.702862
26900979040,CI Pipeline,completed,failure,40.0,2026-06-03T17:16:01Z,2026-06-03T17:16:41Z,427b2cc0,add github actions pipeline,Build,79352977772,completed,success,19.0,Setup .NET,completed,success,1.0,0,2026-06-03T14:56:17.702866
26900979040,CI Pipeline,completed,failure,40.0,2026-06-03T17:16:01Z,2026-06-03T17:16:41Z,427b2cc0,add github actions pipeline,Build,79352977772,completed,success,19.0,Restore dependencies,completed,success,0.0,0,2026-06-03T14:56:17.702870
26900979040,CI Pipeline,completed,failure,40.0,2026-06-03T17:16:01Z,2026-06-03T17:16:41Z,427b2cc0,add github actions pipeline,Build,79352977772,completed,success,19.0,Dotnet restore,completed,success,4.0,0,2026-06-03T14:56:17.702874
26900979040,CI Pipeline,completed,failure,40.0,2026-06-03T17:16:01Z,2026-06-03T17:16:41Z,427b2cc0,add github actions pipeline,Build,79352977772,completed,success,19.0,Build project,completed,success,5.0,0,2026-06-03T14:56:17.702878
26900979040,CI Pipeline,completed,failure,40.0,2026-06-03T17:16:01Z,2026-06-03T17:16:41Z,427b2cc0,add github actions pipeline,Build,79352977772,completed,success,19.0,Post Restore dependencies,completed,success,2.0,0,2026-06-03T14:56:17.702883
26900979040,CI Pipeline,completed,failure,40.0,2026-06-03T17:16:01Z,2026-06-03T17:16:41Z,427b2cc0,add github actions pipeline,Build,79352977772,completed,success,19.0,Post Setup .NET,completed,success,1.0,0,2026-06-03T14:56:17.702911
26900979040,CI Pipeline,completed,failure,40.0,2026-06-03T17:16:01Z,2026-06-03T17:16:41Z,427b2cc0,add github actions pipeline,Build,79352977772,completed,success,19.0,Post Checkout code,completed,success,0.0,0,2026-06-03T14:56:17.702918
26900979040,CI Pipeline,completed,failure,40.0,2026-06-03T17:16:01Z,2026-06-03T17:16:41Z,427b2cc0,add github actions pipeline,Build,79352977772,completed,success,19.0,Complete job,completed,success,0.0,0,2026-06-03T14:56:17.702921
26900979040,CI Pipeline,completed,failure,40.0,2026-06-03T17:16:01Z,2026-06-03T17:16:41Z,427b2cc0,add github actions pipeline,Tests,79353044525,completed,failure,2.0,Set up job,completed,failure,0.0,0,2026-06-03T14:56:17.702928
26900979040,CI Pipeline,completed,failure,40.0,2026-06-03T17:16:01Z,2026-06-03T17:16:41Z,427b2cc0,add github actions pipeline,All Checks,79353075283,completed,failure,3.0,Set up job,completed,success,0.0,0,2026-06-03T14:56:17.702934
26900979040,CI Pipeline,completed,failure,40.0,2026-06-03T17:16:01Z,2026-06-03T17:16:41Z,427b2cc0,add github actions pipeline,All Checks,79353075283,completed,failure,3.0,Check all jobs status,completed,failure,0.0,0,2026-06-03T14:56:17.702938
26900979040,CI Pipeline,completed,failure,40.0,2026-06-03T17:16:01Z,2026-06-03T17:16:41Z,427b2cc0,add github actions pipeline,All Checks,79353075283,completed,failure,3.0,Complete job,completed,success,0.0,0,2026-06-03T14:56:17.702945
